location_type,map_label,lat,lon,country,candidate_rank,opportunity_tier
Existing Greggs,Greggs,51.4982302,-0.1352163,England,,
Existing Greggs,Greggs,55.8658367,-4.2679402,Scotland,,
Existing Greggs,Greggs,51.705522,-0.612239,England,,
Existing Greggs,Greggs,51.2361755,-0.5752797,England,,
Existing Greggs,Greggs,53.7958627,-1.6638384,England,,
Existing Greggs,Greggs,52.4804711,-1.8973375,England,,
Existing Greggs,Greggs,52.3938631,-2.017902,England,,
Existing Greggs,Greggs,54.4816805,-3.528421,England,,
Existing Greggs,Greggs,55.977507,-3.5947983,Scotland,,
Existing Greggs,Greggs,53.7973349,-1.5898437,England,,
Existing Greggs,Greggs,53.479605,-2.2462741,England,,
Existing Greggs,Greggs,53.7990671,-1.5428149,England,,
Existing Greggs,Greggs,53.7997193,-1.5464265,England,,
Existing Greggs,Greggs,53.8018105,-1.5445109,England,,
Existing Greggs,Greggs,53.4772731,-2.2439825,England,,
Existing Greggs,Greggs,50.8292926,-1.8379629,England,,
Existing Greggs,Greggs,51.4506567,0.0563669,England,,
Existing Greggs,Greggs,51.4007179,0.0171095,England,,
Existing Greggs,Greggs,53.6800153,-1.6626752,England,,
Existing Greggs,Greggs,51.2178598,-2.1999874,England,,
Existing Greggs,Greggs,52.6024296,0.3766341,England,,
Existing Greggs,Greggs,51.4789595,-2.1299333,England,,
Existing Greggs,Greggs,51.5089963,-3.1322088,Wales,,
Existing Greggs,Greggs,52.700815,-2.5182388,England,,
Existing Greggs,Greggs,55.0699244,-3.6127191,Scotland,,
Existing Greggs,Greggs,54.0103628,-2.7846304,England,,
Existing Greggs,Greggs,52.323562,-0.0731234,England,,
Existing Greggs,Greggs,50.7263598,-3.5255074,England,,
Existing Greggs,Greggs,55.8607697,-4.2513717,Scotland,,
Existing Greggs,Greggs,51.509795,-0.1233631,England,,
Existing Greggs,Greggs,55.8709169,-4.3092658,Scotland,,
Existing Greggs,Greggs,51.7251683,-1.9480247,England,,
Existing Greggs,Greggs,51.7920943,-3.9878059,Wales,,
Existing Greggs,Greggs,51.2646019,-1.0867554,England,,
Existing Greggs,Greggs,51.2661028,-1.0855177,England,,
Existing Greggs,Greggs,52.9251104,-1.4418044,England,,
Existing Greggs,Greggs,51.514666,-0.2495368,England,,
Existing Greggs,Greggs,55.9456427,-3.1913637,Scotland,,
Existing Greggs,Greggs,51.4767151,-3.2549959,Wales,,
Existing Greggs,Greggs,51.579304,-0.123977,England,,
Existing Greggs,Greggs,52.931681,-1.1266907,England,,
Existing Greggs,Greggs,52.916065,-1.4632252,England,,
Existing Greggs,Greggs,55.8011906,-4.3880403,Scotland,,
Existing Greggs,Greggs,51.4962039,-0.082883,England,,
Existing Greggs,Greggs,55.8274372,-3.2219256,Scotland,,
Existing Greggs,Greggs,55.9257542,-3.209586,Scotland,,
Existing Greggs,Greggs,53.4488081,-2.354249,England,,
Existing Greggs,Greggs,52.7720423,-1.2065507,England,,
Existing Greggs,Greggs,53.9587324,-1.0795549,England,,
Existing Greggs,Greggs,53.9595761,-1.0816552,England,,
Existing Greggs,Greggs,50.8564764,0.5815135,England,,
Existing Greggs,Greggs,54.4322467,-2.9630208,England,,
Existing Greggs,Greggs,51.8698118,0.1599131,England,,
Existing Greggs,Greggs,54.575372,-1.2358683,England,,
Existing Greggs,Greggs,54.5385977,-1.2904732,England,,
Existing Greggs,Greggs,52.8023843,-0.6098322,England,,
Existing Greggs,Greggs,52.961759,-1.2688273,England,,
Existing Greggs,Greggs,51.2918042,-0.7562024,England,,
Existing Greggs,Greggs,52.4139126,0.7489224,England,,
Existing Greggs,Greggs,52.7710454,-1.2073498,England,,
Existing Greggs,Greggs,51.4826986,-0.2002058,England,,
Existing Greggs,Greggs,54.3290752,-2.7467316,England,,
Existing Greggs,Greggs,55.769724,-2.003373,England,,
Existing Greggs,Greggs,52.4059647,-1.8871208,England,,
Existing Greggs,Greggs,52.5359271,-2.4201528,England,,
Existing Greggs,Greggs,51.5246309,0.4467633,England,,
Existing Greggs,Greggs,52.545141,-1.9329029,England,,
Existing Greggs,Greggs,52.5404631,-1.8839918,England,,
Existing Greggs,Greggs,52.5356394,-1.9057736,England,,
Existing Greggs,Greggs,51.6094677,-3.9807601,Wales,,
Existing Greggs,Greggs,51.4424051,0.3680234,England,,
Existing Greggs,Greggs,51.4828431,-3.1712152,Wales,,
Existing Greggs,Greggs,51.4782675,-3.1759069,Wales,,
Existing Greggs,Greggs,52.9788466,-0.0218109,England,,
Existing Greggs,Greggs,51.4717516,-3.2050872,Wales,,
Existing Greggs,Greggs,51.540815,0.6951444,England,,
Existing Greggs,Greggs,51.4812654,-3.178569,Wales,,
Existing Greggs,Greggs,51.481727,-3.1770305,Wales,,
Existing Greggs,Greggs,51.6629082,-0.077819,England,,
Existing Greggs,Greggs,55.9588767,-3.2113228,Scotland,,
Existing Greggs,Greggs,51.7132975,-3.4441295,Wales,,
Existing Greggs,Greggs,52.9532601,-1.1515725,England,,
Existing Greggs,Greggs,53.4655065,-2.2154745,England,,
Existing Greggs,Greggs,51.6216804,-3.4539126,Wales,,
Existing Greggs,Greggs,51.1496057,0.8711893,England,,
Existing Greggs,Greggs,52.9158124,-1.447525,England,,
Existing Greggs,Greggs,52.5522547,-1.884187,England,,
Existing Greggs,Greggs,51.6545278,-3.0204991,Wales,,
Existing Greggs,Greggs,55.9809422,-3.1781482,Scotland,,
Existing Greggs,Greggs,54.6692958,-1.2115995,England,,
Existing Greggs,Greggs,52.9482683,-1.147549,England,,
Existing Greggs,Greggs,53.4653908,-2.3235596,England,,
Existing Greggs,Greggs,53.4660421,-2.3102453,England,,
Existing Greggs,Greggs,52.13764,-0.470185,England,,
Existing Greggs,Greggs,51.6490876,-0.128872,England,,
Existing Greggs,Greggs,51.5417211,-0.0001622,England,,
Existing Greggs,Greggs,52.6357413,-2.4504038,England,,
Existing Greggs,Greggs,53.7441591,-1.6425494,England,,
Existing Greggs,Greggs,52.9549943,-1.1489985,England,,
Existing Greggs,Greggs,55.8642836,-4.2208935,Scotland,,
Existing Greggs,Greggs,54.5334246,-1.5782197,England,,
Existing Greggs,Greggs,53.821649,-1.5777603,England,,
Existing Greggs,Greggs,51.3859875,-2.142517,England,,
Existing Greggs,Greggs,56.3192393,-3.0119377,Scotland,,
Existing Greggs,Greggs,50.799623,-1.0906916,England,,
Existing Greggs,Greggs,53.6921884,-1.6282787,England,,
Existing Greggs,Greggs,50.8514764,-0.982542,England,,
Existing Greggs,Greggs,52.1476864,1.0811105,England,,
Existing Greggs,Greggs,51.5433077,-2.4395025,England,,
Existing Greggs,Greggs,54.9749293,-1.612023,England,,
Existing Greggs,Greggs,51.2399048,0.5571957,England,,
Existing Greggs,Greggs,53.3489772,-2.1205281,England,,
Existing Greggs,Greggs,50.7169592,-3.4661003,England,,
Existing Greggs,Greggs,53.4729701,-2.2398599,England,,
Existing Greggs,Greggs,54.9693129,-1.6176416,England,,
Existing Greggs,Greggs,51.3964246,0.173715,England,,
Existing Greggs,Greggs,52.6075071,-1.6398736,England,,
Existing Greggs,Greggs,55.8759494,-4.3238274,Scotland,,
Existing Greggs,Greggs,55.8606812,-4.2572073,Scotland,,
Existing Greggs,Greggs,53.8153333,-3.0542456,England,,
Existing Greggs,Greggs,55.4137767,-1.7063868,England,,
Existing Greggs,Greggs,55.8585588,-4.2172953,Scotland,,
Existing Greggs,Greggs,55.8248,-4.2577795,Scotland,,
Existing Greggs,Greggs,51.6550346,-0.2015562,England,,
Existing Greggs,Greggs,51.574847,-1.770472,England,,
Existing Greggs,Greggs,55.9360104,-3.2097801,Scotland,,
Existing Greggs,Greggs,54.9257765,-2.9475974,England,,
Existing Greggs,Greggs,54.40354,-1.7379071,England,,
Existing Greggs,Greggs,52.4574949,1.5627892,England,,
Existing Greggs,Greggs,53.3946493,-2.0626107,England,,
Existing Greggs,Greggs,56.0759966,-3.9220427,Scotland,,
Existing Greggs,Greggs,52.4136384,-1.7786945,England,,
Existing Greggs,Greggs,55.8364764,-4.2645945,Scotland,,
Existing Greggs,Greggs,51.856918,-4.3081514,Wales,,
Existing Greggs,Greggs,51.3924992,-0.3056016,England,,
Existing Greggs,Greggs,52.0384241,0.7298239,England,,
Existing Greggs,Greggs,51.7774137,-3.758498,Wales,,
Existing Greggs,Greggs,51.474443,-0.2071398,England,,
Existing Greggs,Greggs,54.5438564,-1.9237703,England,,
Existing Greggs,Greggs,51.5841146,-0.0242932,England,,
Existing Greggs,Greggs,51.3643613,-0.298551,England,,
Existing Greggs,Greggs,54.5717357,-1.1643283,England,,
Existing Greggs,Greggs,53.2279881,-4.1258112,Wales,,
Existing Greggs,Greggs,55.6517653,-3.1904639,Scotland,,
Existing Greggs,Greggs,51.4923159,0.2721868,England,,
Existing Greggs,Greggs,53.7475349,-1.5475156,England,,
Existing Greggs,Greggs,53.8070018,-1.5863886,England,,
Existing Greggs,Greggs,51.7318195,-1.2177307,England,,
Existing Greggs,Greggs,51.4736423,-0.0933523,England,,
Existing Greggs,Greggs,54.6997701,-1.60193,England,,
Existing Greggs,Greggs,51.5226697,-3.391318,Wales,,
Existing Greggs,Greggs,53.797298,-1.5359894,England,,
Existing Greggs,Greggs,51.3745456,-0.0966664,England,,
Existing Greggs,Greggs,54.821117,-1.4520509,England,,
Existing Greggs,Greggs,54.9630989,-1.6308988,England,,
Existing Greggs,Greggs,55.9466669,-3.2163737,Scotland,,
Existing Greggs,Greggs,51.4624325,-0.1367599,England,,
Existing Greggs,Greggs,52.6893051,-2.0307745,England,,
Existing Greggs,Greggs,50.4356449,-3.566955,England,,
Existing Greggs,Greggs,55.9424799,-3.2816617,Scotland,,
Existing Greggs,Greggs,51.5938735,0.0247495,England,,
Existing Greggs,Greggs,55.9717251,-3.2527169,Scotland,,
Existing Greggs,Greggs,50.786164,-1.0879806,England,,
Existing Greggs,Greggs,55.9242818,-4.4020817,Scotland,,
Existing Greggs,Greggs,55.9501543,-3.2086036,Scotland,,
Existing Greggs,Greggs,53.4892963,-2.3262788,England,,
Existing Greggs,Greggs,52.4792888,-1.894565,England,,
Existing Greggs,Greggs,55.8651377,-4.2522281,Scotland,,
Existing Greggs,Greggs,55.8610492,-4.2551183,Scotland,,
Existing Greggs,Greggs,55.883326,-4.2539991,Scotland,,
Existing Greggs,Greggs,55.7605362,-4.2272336,Scotland,,
Existing Greggs,Greggs,52.9460691,-1.1312671,England,,
Existing Greggs,Greggs,51.5224773,-3.5008531,Wales,,
Existing Greggs,Greggs,51.5252088,-0.087003,England,,
Existing Greggs,Greggs,52.4821065,-1.8975461,England,,
Existing Greggs,Greggs,53.7969787,-1.5405446,England,,
Existing Greggs,Greggs,55.8609538,-4.2440439,Scotland,,
Existing Greggs,Greggs,53.6442679,-1.7718357,England,,
Existing Greggs,Greggs,51.3714371,-0.1006147,England,,
Existing Greggs,Greggs,55.9517068,-3.2027827,Scotland,,
Existing Greggs,Greggs,52.6073739,1.7269104,England,,
Existing Greggs,Greggs,52.3869183,-2.2494058,England,,
Existing Greggs,Greggs,53.7963216,-1.5532367,England,,
Existing Greggs,Greggs,53.7963936,-1.5422418,England,,
Existing Greggs,Greggs,52.2448274,0.7137012,England,,
Existing Greggs,Greggs,52.5404035,-2.1210088,England,,
Existing Greggs,Greggs,55.9530315,-3.1960873,Scotland,,
Existing Greggs,Greggs,50.9146737,-1.3608484,England,,
Existing Greggs,Greggs,52.4293139,-2.019124,England,,
Existing Greggs,Greggs,52.9559277,-1.1830701,England,,
Existing Greggs,Greggs,52.9514051,-1.1488122,England,,
Existing Greggs,Greggs,53.4978899,-2.2367026,England,,
Existing Greggs,Greggs,52.1872744,0.9965924,England,,
Existing Greggs,Greggs,52.9647814,-1.2275446,England,,
Existing Greggs,Greggs,52.9792965,-1.2083083,England,,
Existing Greggs,Greggs,52.9030312,-1.1778681,England,,
Existing Greggs,Greggs,53.0107241,-1.1902341,England,,
Existing Greggs,Greggs,52.2466307,0.7122349,England,,
Existing Greggs,Greggs,51.5762291,-0.0976289,England,,
Existing Greggs,Greggs,51.1565575,0.2891504,England,,
Existing Greggs,Greggs,53.0010508,-1.197251,England,,
Existing Greggs,Greggs,51.5227019,-0.7200765,England,,
Existing Greggs,Greggs,55.7727199,-4.3340357,Scotland,,
Existing Greggs,Greggs,55.9492997,-3.1869455,Scotland,,
Existing Greggs,Greggs,53.9053528,-1.6938527,England,,
Existing Greggs,Greggs,55.9453196,-3.2056398,Scotland,,
Existing Greggs,Greggs,55.9751724,-3.2380439,Scotland,,
Existing Greggs,Greggs,53.6523972,-1.5239529,England,,
Existing Greggs,Greggs,55.9453731,-3.1841997,Scotland,,
Existing Greggs,Greggs,55.9655262,-3.2738894,Scotland,,
Existing Greggs,Greggs,53.1387165,-1.5557698,England,,
Existing Greggs,Greggs,52.5414787,-1.3718496,England,,
Existing Greggs,Greggs,55.9528373,-3.1139369,Scotland,,
Existing Greggs,Greggs,53.443225,-1.9507242,England,,
Existing Greggs,Greggs,55.9273938,-3.1641206,Scotland,,
Existing Greggs,Greggs,53.8376122,-1.6412222,England,,
Existing Greggs,Greggs,53.26026,-2.126261,England,,
Existing Greggs,Greggs,54.9247972,-1.6177017,England,,
Existing Greggs,Greggs,54.9690902,-1.6049181,England,,
Existing Greggs,Greggs,53.8285627,-1.5642767,England,,
Existing Greggs,Greggs,52.056637,1.1563491,England,,
Existing Greggs,Greggs,51.5879209,-0.0624092,England,,
Existing Greggs,Greggs,55.9591279,-3.1715305,Scotland,,
Existing Greggs,Greggs,53.4043619,-2.9868015,England,,
Existing Greggs,Greggs,57.1504204,-2.1016472,Scotland,,
Existing Greggs,Greggs,53.3752809,-1.474608,England,,
Existing Greggs,Greggs,52.4372628,-1.971066,England,,
Existing Greggs,Greggs,53.480137,-2.2334927,England,,
Existing Greggs,Greggs,55.0216834,-1.5662707,England,,
Existing Greggs,Greggs,51.3714117,-0.4883768,England,,
Existing Greggs,Greggs,51.5813972,-0.3373751,England,,
Existing Greggs,Greggs,55.9591945,-2.984781,Scotland,,
Existing Greggs,Greggs,53.7954667,-1.6207982,England,,
Existing Greggs,Greggs,52.5179114,-1.9020911,England,,
Existing Greggs,Greggs,52.2008258,-1.7135911,England,,
Existing Greggs,Greggs,54.5771466,-1.2389509,England,,
Existing Greggs,Greggs,54.5811379,-5.9659817,Northern Ireland,,
Existing Greggs,Greggs,52.3954215,-1.9840283,England,,
Existing Greggs,Greggs,52.9186915,-1.4728013,England,,
Existing Greggs,Greggs,52.2814168,-1.5892154,England,,
Existing Greggs,Greggs,52.0865275,-0.2653026,England,,
Existing Greggs,Greggs,51.3658143,-0.19402,England,,
Existing Greggs,Greggs,51.3618988,-0.1921976,England,,
Existing Greggs,Greggs,52.7148118,-2.8056664,England,,
Existing Greggs,Greggs,52.1927905,-2.2208791,England,,
Existing Greggs,Greggs,51.013873,-3.1025724,England,,
Existing Greggs,Greggs,53.4058056,-2.9672186,England,,
Existing Greggs,Greggs,51.7364534,0.4665083,England,,
Existing Greggs,Greggs,51.7707751,0.094117,England,,
Existing Greggs,Greggs,51.3372708,-0.7459494,England,,
Existing Greggs,Greggs,55.8757291,-3.106774,Scotland,,
Existing Greggs,Greggs,53.4790114,-2.2419704,England,,
Existing Greggs,Greggs,53.4819196,-2.2446369,England,,
Existing Greggs,Greggs,53.4779365,-2.2315274,England,,
Existing Greggs,Greggs,54.9646838,-1.7113182,England,,
Existing Greggs,Greggs,52.428468,-1.4995926,England,,
Existing Greggs,Greggs,52.4769085,-2.0680613,England,,
Existing Greggs,Greggs,56.1963223,-3.1720761,Scotland,,
Existing Greggs,Greggs,56.1986454,-3.1732477,Scotland,,
Existing Greggs,Greggs,55.9414822,-3.1811855,Scotland,,
Existing Greggs,Greggs,52.0353571,-0.7744852,England,,
Existing Greggs,Greggs,55.9333199,-3.2609639,Scotland,,
Existing Greggs,Greggs Outlet,52.6420133,-1.0904148,England,,
Existing Greggs,Greggs,52.2068021,0.1297291,England,,
Existing Greggs,Greggs,52.2130223,-2.1779097,England,,
Existing Greggs,Greggs,53.484394,-2.240025,England,,
Existing Greggs,Greggs,54.9030119,-1.3850899,England,,
Existing Greggs,Greggs,52.3748705,1.1091121,England,,
Existing Greggs,Greggs,54.8960784,-2.9357075,England,,
Existing Greggs,Greggs,54.8953539,-2.9348553,England,,
Existing Greggs,Greggs,53.4613477,-2.2291258,England,,
Existing Greggs,Greggs Outlet,52.4657223,-1.8918448,England,,
Existing Greggs,Greggs,51.727461,-2.5282667,England,,
Existing Greggs,Greggs,51.4563045,-2.5903468,England,,
Existing Greggs,Greggs,52.3061925,-1.9430807,England,,
Existing Greggs,Greggs,52.3354657,-2.0599721,England,,
Existing Greggs,Greggs,52.4171913,-1.9678064,England,,
Existing Greggs,Greggs,54.9624642,-1.6024987,England,,
Existing Greggs,Greggs,54.9767365,-1.6144828,England,,
Existing Greggs,Greggs,55.8895324,-4.3231511,Scotland,,
Existing Greggs,Greggs,51.3195415,-0.5589279,England,,
Existing Greggs,Greggs,52.5838945,-1.9814402,England,,
Existing Greggs,Greggs,52.5835817,-1.9834886,England,,
Existing Greggs,Greggs,55.937526,-3.2342477,Scotland,,
Existing Greggs,Greggs,51.3374247,-0.746603,England,,
Existing Greggs,Greggs,52.301402,-0.6920102,England,,
Existing Greggs,Greggs,54.643631,-3.5474903,England,,
Existing Greggs,Greggs,54.6347615,-3.5620256,England,,
Existing Greggs,Greggs,54.5470539,-3.5911736,England,,
Existing Greggs,Greggs,54.6638165,-3.3650876,England,,
Existing Greggs,Greggs,51.3938351,-0.1140993,England,,
Existing Greggs,Greggs,53.4459428,-2.3092424,England,,
Existing Greggs,Greggs,54.6073109,-1.2917885,England,,
Existing Greggs,Greggs,52.4076005,-1.5110428,England,,
Existing Greggs,Greggs,51.463068,-0.167831,England,,
Existing Greggs,Greggs,52.9574126,-1.1476017,England,,
Existing Greggs,Greggs,52.7054466,-2.4852419,England,,
Existing Greggs,Greggs,51.4876318,-0.1416116,England,,
Existing Greggs,Greggs,54.9067349,-1.3830416,England,,
Existing Greggs,Greggs,54.8700049,-1.6987009,England,,
Existing Greggs,Greggs,54.9777235,-1.6130335,England,,
Existing Greggs,Greggs,55.0045582,-1.6204217,England,,
Existing Greggs,Greggs,52.4125004,-1.7779039,England,,
Existing Greggs,Greggs,53.8717552,-1.7092033,England,,
Existing Greggs,Greggs,57.146966,-2.0965378,Scotland,,
Existing Greggs,Greggs,51.4691366,-0.1709964,England,,
Existing Greggs,Greggs,55.9435833,-4.5609403,Scotland,,
Existing Greggs,Greggs,53.7955544,-1.5482956,England,,
Existing Greggs,Greggs,51.6194021,-3.9470094,Wales,,
Existing Greggs,Greggs,55.9613619,-3.1518927,Scotland,,
Existing Greggs,Greggs,52.4520003,-1.7332426,England,,
Existing Greggs,Greggs,51.7522463,-1.2580734,England,,
Existing Greggs,Greggs,51.1141378,-0.1870906,England,,
Existing Greggs,Greggs,51.9275195,-2.5695181,England,,
Existing Greggs,Greggs,54.7139533,-3.4976367,England,,
Existing Greggs,Greggs,52.6299572,-2.2015705,England,,
Existing Greggs,Greggs,54.5217484,-3.5167939,England,,
Existing Greggs,Greggs,55.9589264,-3.1830818,Scotland,,
Existing Greggs,Greggs,52.6474141,0.6877334,England,,
Existing Greggs,Greggs,54.7983863,-2.872128,England,,
Existing Greggs,Greggs,54.1132143,-3.2250521,England,,
Existing Greggs,Greggs,55.8873573,-4.2862163,Scotland,,
Existing Greggs,Greggs,53.4797749,-2.2536709,England,,
Existing Greggs,Greggs,52.4723468,-1.8647978,England,,
Existing Greggs,Greggs,54.618177,-1.0665873,England,,
Existing Greggs,Greggs,56.3963571,-3.4325929,Scotland,,
Existing Greggs,Greggs,55.1311604,-1.5940694,England,,
Existing Greggs,Greggs,54.8866037,-2.9402217,England,,
Existing Greggs,Greggs,51.5096304,-2.1581921,England,,
Existing Greggs,Greggs,52.4893824,-1.8523129,England,,
Existing Greggs,Greggs,51.4339948,-0.4653961,England,,
Existing Greggs,Greggs,52.4974427,-1.8964139,England,,
Existing Greggs,Greggs,54.8927519,-2.9339842,England,,
Existing Greggs,Greggs,54.9732577,-1.6129618,England,,
Existing Greggs,Greggs,54.9741989,-1.6144358,England,,
Existing Greggs,Greggs Outlet,53.8209253,-1.4955775,England,,
Existing Greggs,Greggs,51.5174686,-0.2061132,England,,
Existing Greggs,Greggs,55.4603714,-4.6288976,Scotland,,
Existing Greggs,Greggs,52.5446689,-1.9838756,England,,
Existing Greggs,Greggs,52.4129417,-1.8285682,England,,
Existing Greggs,Greggs,53.9614933,-2.0170984,England,,
Existing Greggs,Greggs,51.7533274,-1.2697793,England,,
Existing Greggs,Greggs,52.3727303,-1.2626162,England,,
Existing Greggs,Greggs,52.9621859,-1.067422,England,,
Existing Greggs,Greggs,52.4736451,-1.7630241,England,,
Existing Greggs,Greggs,54.1289153,-2.7691143,England,,
Existing Greggs,Greggs,54.9984765,-1.4330461,England,,
Existing Greggs,Greggs,51.5314031,-0.1268056,England,,
Existing Greggs,Greggs,53.8662501,-1.6838428,England,,
Existing Greggs,Greggs,51.3474426,-2.9782881,England,,
Existing Greggs,Greggs,52.4774751,-0.9192024,England,,
Existing Greggs,Greggs,52.72404,-1.3726717,England,,
Existing Greggs,Greggs,55.1674195,-1.6887309,England,,
Existing Greggs,Greggs,51.5107095,-0.1308279,England,,
Existing Greggs,Greggs,53.410301,-2.1626232,England,,
Existing Greggs,Greggs,53.6473376,-3.0039653,England,,
Existing Greggs,Greggs,50.8363041,-0.7779881,England,,
Existing Greggs,Greggs,54.136804,-1.523624,England,,
Existing Greggs,Greggs,52.3881197,-1.2581952,England,,
Existing Greggs,Greggs,51.5073592,-0.1222692,England,,
Existing Greggs,Greggs,52.4447849,-1.7849021,England,,
Existing Greggs,Greggs,53.2360755,-1.42588,England,,
Existing Greggs,Greggs,54.6646569,-1.6751972,England,,
Existing Greggs,Greggs,51.5049468,-0.0200103,England,,
Existing Greggs,Greggs,52.5084569,-0.7053575,England,,
Existing Greggs,Greggs,51.5870162,-2.9943191,Wales,,
Existing Greggs,Greggs,54.5270627,-1.5535753,England,,
Existing Greggs,Greggs,54.5252756,-1.5573603,England,,
Existing Greggs,Greggs,54.9061707,-1.3814009,England,,
Existing Greggs,Greggs,54.905581,-1.3860635,England,,
Existing Greggs,Greggs,54.9060795,-1.3834621,England,,
Existing Greggs,Greggs,54.5248392,-1.5557074,England,,
Existing Greggs,Greggs,53.4363448,-2.1842997,England,,
Existing Greggs,Greggs,51.0126425,-3.1273383,England,,
Existing Greggs,Greggs,54.5223795,-1.5247641,England,,
Existing Greggs,Greggs,51.5225047,-3.1953051,Wales,,
Existing Greggs,Greggs,54.9174569,-1.4332349,England,,
Existing Greggs,Greggs,53.1445247,-1.196973,England,,
Existing Greggs,Greggs,53.0231567,-1.4821229,England,,
Existing Greggs,Greggs,51.5704965,-1.8008587,England,,
Existing Greggs,Greggs,53.5665425,-0.6488121,England,,
Existing Greggs,Greggs,54.5966446,-5.9317244,Northern Ireland,,
Existing Greggs,Greggs,55.4996524,-4.6106953,Scotland,,
Existing Greggs,Greggs,54.0716478,-2.8656394,England,,
Existing Greggs,Greggs,53.2434099,-1.3332569,England,,
Existing Greggs,Greggs,53.2359582,-1.4268268,England,,
Existing Greggs,Greggs,54.9000525,-1.5326597,England,,
Existing Greggs,Greggs,51.8020722,-0.2056458,England,,
Existing Greggs,Greggs,56.1093958,-3.1588539,Scotland,,
Existing Greggs,Greggs,54.8950973,-1.5777709,England,,
Existing Greggs,Greggs,54.8968973,-1.4395889,England,,
Existing Greggs,Greggs,56.0617012,-3.4062255,Scotland,,
Existing Greggs,Greggs,54.9130594,-1.5226688,England,,
Existing Greggs,Greggs,55.9423739,-3.0508538,Scotland,,
Existing Greggs,Greggs,54.6543948,-3.3727085,England,,
Existing Greggs,Greggs,54.8522585,-1.8332024,England,,
Existing Greggs,Greggs,53.5750318,-0.6554764,England,,
Existing Greggs,Greggs,56.6446694,-2.8888992,Scotland,,
Existing Greggs,Greggs,56.0306199,-3.3983391,Scotland,,
Existing Greggs,Greggs,55.9295111,-3.2457188,Scotland,,
Existing Greggs,Greggs,51.4210271,-0.2065451,England,,
Existing Greggs,Greggs,54.9763422,-1.585547,England,,
Existing Greggs,Greggs,54.1960318,-3.0952862,England,,
Existing Greggs,Greggs,54.9775444,-1.5767406,England,,
Existing Greggs,Greggs,51.4564889,-0.9719476,England,,
Existing Greggs,Greggs,54.2323436,-1.3423035,England,,
Existing Greggs,Greggs,53.7050119,-0.8717975,England,,
Existing Greggs,Greggs,51.2951803,-0.3291187,England,,
Existing Greggs,Greggs,51.8797441,-0.4160989,England,,
Existing Greggs,Greggs,51.8793104,-0.4147685,England,,
Existing Greggs,Greggs,51.5912337,-2.7520703,Wales,,
Existing Greggs,Greggs,51.9469145,-0.5032873,England,,
Existing Greggs,Greggs,53.3875694,-1.0610271,England,,
Existing Greggs,Greggs,53.5682319,-2.2323129,England,,
Existing Greggs,Greggs,51.4886354,-0.3965852,England,,
Existing Greggs,Greggs,52.3882482,-2.249033,England,,
Existing Greggs,Greggs,56.3952881,-3.4303638,Scotland,,
Existing Greggs,Greggs,54.908958,-1.5397716,England,,
Existing Greggs,Greggs,54.9720087,-1.4090229,England,,
Existing Greggs,Greggs,53.4816675,-2.249176,England,,
Existing Greggs,Greggs,51.5137101,-0.3034953,England,,
Existing Greggs,Greggs,53.9924811,-1.104189,England,,
Existing Greggs,Greggs,54.9251375,-1.5748069,England,,
Existing Greggs,Greggs,51.5780478,0.0263824,England,,
Existing Greggs,Greggs,52.6042604,-1.9171636,England,,
Existing Greggs,Greggs,53.4007734,-2.9678154,England,,
Existing Greggs,Greggs,54.9767113,-1.4685072,England,,
Existing Greggs,Greggs,55.1274695,-1.5094148,England,,
Existing Greggs,Greggs,53.3421129,-1.350578,England,,
Existing Greggs,Greggs,55.1303025,-1.5415889,England,,
Existing Greggs,Greggs,51.492315,-0.1929818,England,,
Existing Greggs,Greggs,53.2589878,-1.9120063,England,,
Existing Greggs,Greggs,53.1916277,-2.8883543,England,,
Existing Greggs,Greggs,53.4037567,-2.9794329,England,,
Existing Greggs,Greggs Outlet,54.9893451,-1.4374931,England,,
Existing Greggs,Greggs,51.6417668,-2.6749624,Wales,,
Existing Greggs,Greggs,51.4706983,-0.1246928,England,,
Existing Greggs,Greggs,51.0630532,-0.3316147,England,,
Existing Greggs,Greggs,52.2904184,-0.597688,England,,
Existing Greggs,Greggs,54.973157,-1.5188194,England,,
Existing Greggs,Greggs,50.7953069,-1.0943163,England,,
Existing Greggs,Greggs,51.0879989,-0.732469,England,,
Existing Greggs,Greggs,54.9408767,-1.5446585,England,,
Existing Greggs,Greggs,51.553645,-0.0984887,England,,
Existing Greggs,Greggs,54.9497025,-1.5693345,England,,
Existing Greggs,Greggs,54.9537773,-1.5443723,England,,
Existing Greggs,Greggs,54.3279024,-2.7475769,England,,
Existing Greggs,Greggs,54.9360727,-1.5993843,England,,
Existing Greggs,Greggs,54.967359,-1.588848,England,,
Existing Greggs,Greggs,54.9431964,-1.6243753,England,,
Existing Greggs,Greggs,54.7149806,-1.7464062,England,,
Existing Greggs,Greggs,51.8196014,-0.8089008,England,,
Existing Greggs,Greggs,53.4107808,-2.9645623,England,,
Existing Greggs,Greggs,54.9618062,-1.6780847,England,,
Existing Greggs,Greggs,55.864925,-4.2602928,Scotland,,
Existing Greggs,Greggs,55.7337647,-3.8371534,Scotland,,
Existing Greggs,Greggs,54.9461467,-1.6784495,England,,
Existing Greggs,Greggs,53.6221368,-1.545211,England,,
Existing Greggs,Greggs,54.535678,-1.5523546,England,,
Existing Greggs,Greggs,51.6475857,-4.0369766,Wales,,
Existing Greggs,Greggs,53.2525013,-1.4231351,England,,
Existing Greggs,Greggs,54.9686185,-1.6167161,England,,
Existing Greggs,Greggs,52.4564409,-2.1454037,England,,
Existing Greggs,Greggs,53.6855564,-1.4894877,England,,
Existing Greggs,Greggs,51.5225026,-0.1629758,England,,
Existing Greggs,Greggs,54.9612516,-1.8491459,England,,
Existing Greggs,Greggs,54.9713991,-1.6153285,England,,
Existing Greggs,Greggs,55.7938758,-4.868609,Scotland,,
Existing Greggs,Greggs,54.9739227,-1.6193953,England,,
Existing Greggs,Greggs,53.7987802,-3.0255546,England,,
Existing Greggs,Greggs,53.8037617,-3.0272361,England,,
Existing Greggs,Greggs,54.9725835,-1.6159092,England,,
Existing Greggs,Greggs,55.9554305,-2.7773148,Scotland,,
Existing Greggs,Greggs,51.5138296,-0.0754691,England,,
Existing Greggs,Greggs,52.0505864,1.1447485,England,,
Existing Greggs,Greggs,55.7899979,-4.2769792,Scotland,,
Existing Greggs,Greggs,55.872384,-4.2815862,Scotland,,
Existing Greggs,Greggs,50.8012869,-1.088204,England,,
Existing Greggs,Greggs,52.479858,-2.1098129,England,,
Existing Greggs,Greggs,52.481345,-2.1109159,England,,
Existing Greggs,Greggs,52.4817632,-2.1115707,England,,
Existing Greggs,Greggs,51.4549583,-0.1940896,England,,
Existing Greggs,Greggs,54.9700219,-1.6552188,England,,
Existing Greggs,Greggs,53.6857421,-1.4983231,England,,
Existing Greggs,Greggs Outlet,54.9732617,-1.6393087,England,,
Existing Greggs,Greggs,51.3826616,0.5250238,England,,
Existing Greggs,Greggs,51.383922,0.5252059,England,,
Existing Greggs,Greggs,53.7577632,-2.7040202,England,,
Existing Greggs,Greggs,54.9760039,-1.6549445,England,,
Existing Greggs,Greggs,52.3994641,-0.7285186,England,,
Existing Greggs,Greggs,53.5687731,-3.0485599,England,,
Existing Greggs,Greggs Outlet,54.9740908,-1.562117,England,,
Existing Greggs,Greggs,54.9738632,-1.5449354,England,,
Existing Greggs,Greggs,56.4743011,-2.9802592,Scotland,,
Existing Greggs,Greggs,51.6082847,0.1069349,England,,
Existing Greggs,Greggs Outlet,54.9965707,-1.5022301,England,,
Existing Greggs,Greggs,55.005445,-1.5184875,England,,
Existing Greggs,Greggs,53.4817799,-2.8870034,England,,
Existing Greggs,Greggs,51.405518,-1.3145468,England,,
Existing Greggs,Greggs,53.5506801,-2.8087169,England,,
Existing Greggs,Greggs,52.9281286,-1.5187871,England,,
Existing Greggs,Greggs,55.9686747,-3.1413749,Scotland,,
Existing Greggs,Greggs,56.0584958,-2.7191109,Scotland,,
Existing Greggs,Greggs,53.4046424,-2.9801896,England,,
Existing Greggs,Greggs,52.1927251,-0.2982047,England,,
Existing Greggs,Greggs,51.6293754,-0.7552161,England,,
Existing Greggs,Greggs,51.421255,-0.2065358,England,,
Existing Greggs,Greggs,51.5825145,0.706983,England,,
Existing Greggs,Greggs,55.042323,-1.4457131,England,,
Existing Greggs,Greggs,51.3638383,0.6072162,England,,
Existing Greggs,Greggs,51.5322489,-0.1270077,England,,
Existing Greggs,Greggs,50.802965,-0.6991127,England,,
Existing Greggs,Greggs,52.759622,-1.9356883,England,,
Existing Greggs,Greggs,51.2815529,-0.0773374,England,,
Existing Greggs,Greggs,50.8312221,-0.1361989,England,,
Existing Greggs,Greggs,55.8683249,-3.9851061,Scotland,,
Existing Greggs,Greggs,50.9031493,-3.4861723,England,,
Existing Greggs,Greggs,53.8009072,-1.5435365,England,,
Existing Greggs,Greggs,53.4065176,-2.9907748,England,,
Existing Greggs,Greggs,52.257289,-1.1614743,England,,
Existing Greggs,Greggs,51.4555719,-0.9698347,England,,
Existing Greggs,Greggs,51.9016256,-2.0754341,England,,
Existing Greggs,Greggs,51.7983183,-3.175124,Wales,,
Existing Greggs,Greggs,51.1346806,0.2638831,England,,
Existing Greggs,Greggs,53.5678787,-2.4169852,England,,
Existing Greggs,Greggs,53.5810293,-2.4300891,England,,
Existing Greggs,Greggs,53.6459246,-1.7798389,England,,
Existing Greggs,Greggs,51.2418804,-0.6036621,England,,
Existing Greggs,Greggs,50.7838762,-0.6731722,England,,
Existing Greggs,Greggs,56.4614002,-2.9692229,Scotland,,
Existing Greggs,Greggs,54.8081457,-1.5808698,England,,
Existing Greggs,Greggs,51.4882661,-0.0577714,England,,
Existing Greggs,Greggs,51.6303659,-0.7526387,England,,
Existing Greggs,Greggs Outlet,52.40299,-2.0162071,England,,
Existing Greggs,Greggs,55.8937376,-3.0699921,Scotland,,
Existing Greggs,Greggs,50.8095556,-0.5419975,England,,
Existing Greggs,Greggs,50.8106804,-0.5072086,England,,
Existing Greggs,Greggs,52.485584,-1.8910365,England,,
Existing Greggs,Greggs,51.512807,-3.2194945,Wales,,
Existing Greggs,Greggs,53.6457782,-1.7864262,England,,
Existing Greggs,Greggs,50.9192606,-1.4883587,England,,
Existing Greggs,Greggs,51.4811305,-0.0950058,England,,
Existing Greggs,Greggs,51.5147266,-1.7234387,England,,
Existing Greggs,Greggs,52.4643917,-1.7770842,England,,
Existing Greggs,Greggs,53.7839826,-1.0707918,England,,
Existing Greggs,Greggs,51.4878705,-0.0953738,England,,
Existing Greggs,Greggs,53.5226119,-1.1370301,England,,
Existing Greggs,Greggs,52.6766837,-2.4813376,England,,
Existing Greggs,Greggs,53.5244466,-1.134123,England,,
Existing Greggs,Greggs,54.9596315,-1.4911167,England,,
Existing Greggs,Greggs,53.3874376,-2.3501115,England,,
Existing Greggs,Greggs,51.5213007,-0.1100767,England,,
Existing Greggs,Greggs,55.0203399,-1.5822244,England,,
Existing Greggs,Greggs,51.4352717,-0.1042065,England,,
Existing Greggs,Greggs,51.799825,0.6399366,England,,
Existing Greggs,Greggs,52.2387802,-0.8924219,England,,
Existing Greggs,Greggs,53.4162246,-2.2315684,England,,
Existing Greggs,Greggs,53.8009637,-1.5512891,England,,
Existing Greggs,Greggs,53.7589518,-2.7013968,England,,
Existing Greggs,Greggs,53.7584112,-2.7017341,England,,
Existing Greggs,Greggs,52.2642198,-0.9000269,England,,
Existing Greggs,Greggs,53.7995009,-1.42678,England,,
Existing Greggs,Greggs,53.6003988,-2.5730546,England,,
Existing Greggs,Greggs,52.2349291,-0.9163526,England,,
Existing Greggs,Greggs,53.4523439,-2.9927301,England,,
Existing Greggs,Greggs,53.4141869,-2.5273372,England,,
Existing Greggs,Greggs,56.1344641,-3.2015879,Scotland,,
Existing Greggs,Greggs,53.7453769,-1.6022118,England,,
Existing Greggs,Greggs,56.11166,-3.9180522,Scotland,,
Existing Greggs,Greggs,51.2319039,-2.3211843,England,,
Existing Greggs,Greggs,53.4565806,-2.4011698,England,,
Existing Greggs,Greggs,53.822518,-1.4605702,England,,
Existing Greggs,Greggs,56.1170657,-3.9365975,Scotland,,
Existing Greggs,Greggs,53.8471531,-1.8366363,England,,
Existing Greggs,Greggs,53.7444111,-0.3473301,England,,
Existing Greggs,Greggs,54.9751379,-1.6154089,England,,
Existing Greggs,Greggs,52.7469163,-1.4724557,England,,
Existing Greggs,Greggs,53.5658722,-0.0867625,England,,
Existing Greggs,Greggs,52.7873203,-0.1523015,England,,
Existing Greggs,Greggs,53.5912519,-0.649682,England,,
Existing Greggs,Greggs,54.3389009,-1.4341943,England,,
Existing Greggs,Greggs,52.6168535,-2.0042673,England,,
Existing Greggs,Greggs,51.7733989,-2.8137258,Wales,,
Existing Greggs,Greggs,52.5849564,-2.1285235,England,,
Existing Greggs,Greggs,52.5834478,-2.1275936,England,,
Existing Greggs,Greggs,52.3301749,-0.1828094,England,,
Existing Greggs,Greggs,54.5833294,-1.3506971,England,,
Existing Greggs,Greggs,52.2547245,0.0187043,England,,
Existing Greggs,Greggs,53.4982693,-2.5282906,England,,
Existing Greggs,Greggs,50.8454849,0.4095693,England,,
Existing Greggs,Greggs,53.3491162,-2.8622229,England,,
Existing Greggs,Greggs,51.5764686,0.1798525,England,,
Existing Greggs,Greggs,51.5768991,0.1830813,England,,
Existing Greggs,Greggs,55.8535595,-4.2778002,Scotland,,
Existing Greggs,Greggs,50.8153387,-1.0794707,England,,
Existing Greggs,Greggs,53.7233864,-1.8582371,England,,
Existing Greggs,Greggs,50.8496248,-1.0939821,England,,
Existing Greggs,Greggs,53.8091677,-1.5090618,England,,
Existing Greggs,Greggs,50.801859,-1.0881198,England,,
Existing Greggs,Greggs,53.8069629,-1.662197,England,,
Existing Greggs,Greggs,53.1960937,-2.9149228,England,,
Existing Greggs,Greggs,53.4576295,-2.1182405,England,,
Existing Greggs,Greggs,53.7941143,-1.3885528,England,,
Existing Greggs,Greggs,53.8403856,-1.4703744,England,,
Existing Greggs,Greggs,53.9504061,-1.0297491,England,,
Existing Greggs,Greggs,53.7236514,-1.3145359,England,,
Existing Greggs,Greggs,52.4756048,-2.0396606,England,,
Existing Greggs,Greggs,50.844749,-1.1829021,England,,
Existing Greggs,Greggs,55.9528491,-3.1904903,Scotland,,
Existing Greggs,Greggs,52.4945102,-1.7778137,England,,
Existing Greggs,Greggs,52.6323878,-1.1276732,England,,
Existing Greggs,Greggs,54.8639345,-1.4346954,England,,
Existing Greggs,Greggs,53.78909,-1.5850595,England,,
Existing Greggs,Greggs,55.9712496,-3.1714748,Scotland,,
Existing Greggs,Greggs,53.7999348,-1.5451804,England,,
Existing Greggs,Greggs,53.8291708,-1.5379009,England,,
Existing Greggs,Greggs,55.0116442,-1.5912549,England,,
Existing Greggs,Greggs,54.0581135,-2.801276,England,,
Existing Greggs,Greggs,53.4873932,-2.2424441,England,,
Existing Greggs,Greggs,50.8464904,-1.0958031,England,,
Existing Greggs,Greggs,52.2573369,-0.835915,England,,
Existing Greggs,Greggs,53.4560555,-2.1150603,England,,
Existing Greggs,Greggs,53.7922487,-2.7065501,England,,
Existing Greggs,Greggs,51.8167777,-0.8123525,England,,
Existing Greggs,Greggs,51.5359568,0.0349586,England,,
Existing Greggs,Greggs,53.402042,-2.1655363,England,,
Existing Greggs,Greggs,51.3586228,-0.1498137,England,,
Existing Greggs,Greggs,52.0031972,-0.7251,England,,
Existing Greggs,Greggs,56.0168865,-3.7926073,Scotland,,
Existing Greggs,Greggs,51.1806259,0.388497,England,,
Existing Greggs,Greggs,51.2058379,-3.4771268,England,,
Existing Greggs,Greggs,50.8099778,-0.3750411,England,,
Existing Greggs,Greggs,51.6146942,-0.2468015,England,,
Existing Greggs,Greggs,52.0571124,-2.7138821,England,,
Existing Greggs,Greggs,51.5176084,-0.0817428,England,,
Existing Greggs,Greggs,51.3806355,-0.0723023,England,,
Existing Greggs,Greggs,57.1538212,-2.2791802,Scotland,,
Existing Greggs,Greggs,55.1315772,-6.6694631,Northern Ireland,,
Existing Greggs,Greggs,51.8873026,-0.5206742,England,,
Existing Greggs,Greggs,53.2599713,-3.4522552,Wales,,
Existing Greggs,Greggs,51.4549582,-0.9755625,England,,
Existing Greggs,Greggs,51.5828961,-3.0023332,Wales,,
Existing Greggs,Greggs,55.7803827,-4.0983678,Scotland,,
Existing Greggs,Greggs,51.7523231,-0.4725623,England,,
Existing Greggs,Greggs,53.2032388,-4.1055554,Wales,,
Existing Greggs,Greggs,52.9461019,-1.1313711,England,,
Existing Greggs,Greggs,51.3515399,-1.1394972,England,,
Existing Greggs,Greggs,51.4169078,-0.7698979,England,,
Existing Greggs,Greggs,56.0715386,-3.4605131,Scotland,,
Existing Greggs,Greggs,53.9934948,-1.5414481,England,,
Existing Greggs,Greggs,53.1637036,-2.2140946,England,,
Existing Greggs,Greggs,53.4894237,-2.2869643,England,,
Existing Greggs,Greggs,56.7033995,-3.7345529,Scotland,,
Existing Greggs,Greggs,51.3415114,-0.0146599,England,,
Existing Greggs,Greggs,53.6218193,-1.5503101,England,,
Existing Greggs,Greggs,54.8572475,-1.5741683,England,,
Existing Greggs,Greggs,51.4086333,-3.4829467,Wales,,
Existing Greggs,Greggs,57.1455494,-2.1017324,Scotland,,
Existing Greggs,Greggs,53.7054433,-2.3257934,England,,
Existing Greggs,Greggs,53.759953,-1.5735165,England,,
Existing Greggs,Greggs,52.4441465,-1.9388133,England,,
Existing Greggs,Greggs,52.8068363,-2.1174678,England,,
Existing Greggs,Greggs,51.4585939,-2.1153479,England,,
Existing Greggs,Greggs,54.6434295,-3.5456729,England,,
Existing Greggs,Greggs,51.6869023,-0.0014288,England,,
Existing Greggs,Greggs,52.4682661,-1.9017237,England,,
Existing Greggs,Greggs,51.4909481,0.0683225,England,,
Existing Greggs,Greggs,51.4915829,0.066307,England,,
Existing Greggs,Greggs,56.4634692,-2.9682736,Scotland,,
Existing Greggs,Greggs,52.3233257,-2.2328904,England,,
Existing Greggs,Greggs,51.0832343,-0.200015,England,,
Existing Greggs,Greggs,53.0201484,-1.3249424,England,,
Existing Greggs,Greggs,52.1838995,-1.4654457,England,,
Existing Greggs,Greggs,51.9944452,-0.7310119,England,,
Existing Greggs,Greggs,53.588198,-1.2151119,England,,
Existing Greggs,Greggs,55.0973319,-1.6090589,England,,
Existing Greggs,Greggs,52.5738055,-0.241848,England,,
Existing Greggs,Greggs,50.7948911,-1.1191616,England,,
Existing Greggs,Greggs,55.0661235,-1.634051,England,,
Existing Greggs,Greggs,53.6868302,-2.6679746,England,,
Existing Greggs,Greggs,51.1179549,-0.1615609,England,,
Existing Greggs,Greggs,56.0726713,-3.4589676,Scotland,,
Existing Greggs,Greggs,52.0443054,-0.7526895,England,,
Existing Greggs,Greggs,52.0440085,-0.7552967,England,,
Existing Greggs,Greggs,54.6987228,-1.2206555,England,,
Existing Greggs,Greggs,51.4635317,-3.1653312,Wales,,
Existing Greggs,Greggs,52.2925484,-1.5356565,England,,
Existing Greggs,Greggs,51.4857455,0.2833268,England,,
Existing Greggs,Greggs,51.5037056,-0.0190889,England,,
Existing Greggs,Greggs,51.4160345,-0.7496753,England,,
Existing Greggs,Greggs,55.9035154,-3.1383643,Scotland,,
Existing Greggs,Greggs,50.7266982,-1.8385642,England,,
Existing Greggs,Greggs,52.6364976,-2.1256772,England,,
Existing Greggs,Greggs,52.9383465,-1.4694382,England,,
Existing Greggs,Greggs,52.2443902,0.4064252,England,,
Existing Greggs,Greggs,53.523044,-1.1393829,England,,
Existing Greggs,Greggs,53.4816588,-2.2487235,England,,
Existing Greggs,Greggs,55.8189877,-4.1685542,Scotland,,
Existing Greggs,Greggs,55.8282408,-4.2122229,Scotland,,
Existing Greggs,Greggs,55.8281769,-4.2166037,Scotland,,
Existing Greggs,Greggs,56.0417643,-3.3595471,Scotland,,
Existing Greggs,Greggs,52.4335588,-2.0052457,England,,
Existing Greggs,Greggs,53.4116503,-2.8391397,England,,
Existing Greggs,Greggs,52.4884708,-1.794,England,,
Existing Greggs,Greggs,52.91041,-0.6418302,England,,
Existing Greggs,Greggs,54.6940547,-6.0174479,Northern Ireland,,
Existing Greggs,Greggs,52.7631431,-2.3614158,England,,
Existing Greggs,Greggs,55.9341474,-3.4701725,Scotland,,
Existing Greggs,Greggs Outlet,52.4935662,-1.8328987,England,,
Existing Greggs,Greggs,51.4095952,-0.2304326,England,,
Existing Greggs,Greggs,55.0086675,-1.446717,England,,
Existing Greggs,Greggs,52.4748086,-1.9691018,England,,
Existing Greggs,Greggs,51.521386,-0.6253686,England,,
Existing Greggs,Greggs,52.8772401,-1.4940157,England,,
Existing Greggs,Greggs,50.4195661,-4.2372251,England,,
Existing Greggs,Greggs,54.9579387,-1.66597,England,,
Existing Greggs,Greggs,51.5098647,-0.3251655,England,,
Existing Greggs,Greggs,54.956681,-1.6707787,England,,
Existing Greggs,Greggs,53.4687975,-2.2824876,England,,
Existing Greggs,Greggs,52.5011706,-1.7714219,England,,
Existing Greggs,Greggs,51.4426345,-0.9551424,England,,
Existing Greggs,Greggs,51.4162996,-0.2511875,England,,
Existing Greggs,Greggs,53.6181381,-2.1580346,England,,
Existing Greggs,Greggs,51.4767545,-3.1791231,Wales,,
Existing Greggs,Greggs,52.4800975,-1.7391911,England,,
Existing Greggs,Greggs,52.4795829,-1.7412859,England,,
Existing Greggs,Greggs,51.3338141,-0.2660993,England,,
Existing Greggs,Greggs,53.5238472,-2.4934483,England,,
Existing Greggs,Greggs,52.6295364,1.2958599,England,,
Existing Greggs,Greggs,54.6503819,-2.7704186,England,,
Existing Greggs,Greggs,53.7958964,-2.8903391,England,,
Existing Greggs,Greggs,54.7784205,-1.5420851,England,,
Existing Greggs,Greggs,52.3377913,0.5356911,England,,
Existing Greggs,Greggs,50.8231825,-0.1408405,England,,
Existing Greggs,Greggs,52.4146953,-4.084742,Wales,,
Existing Greggs,Greggs,52.4739483,0.9538127,England,,
Existing Greggs,Greggs,55.6152358,-2.8060905,Scotland,,
Existing Greggs,Greggs,50.8239977,-0.1478599,England,,
Existing Greggs,Greggs,53.8399374,-0.4207205,England,,
Existing Greggs,Greggs,53.6976799,-1.6985061,England,,
Existing Greggs,Greggs,53.645209,-1.7828238,England,,
Existing Greggs,Greggs,56.1948102,-2.9970222,Scotland,,
Existing Greggs,Greggs,54.9977252,-1.4328394,England,,
Existing Greggs,Greggs,53.7572771,-1.5734804,England,,
Existing Greggs,Greggs,53.6976521,-1.2662132,England,,
Existing Greggs,Greggs,53.3962951,-1.2567065,England,,
Existing Greggs,Greggs,53.5921172,-0.9924645,England,,
Existing Greggs,Greggs,54.0832483,-0.1896438,England,,
Existing Greggs,Greggs,54.8898673,-1.5580228,England,,
Existing Greggs,Greggs,51.6643164,-3.9130757,Wales,,
Existing Greggs,Greggs,51.1313998,-3.0407521,England,,
Existing Greggs,Greggs,51.3442542,-2.9327228,England,,
Existing Greggs,Greggs,51.9618568,1.3511252,England,,
Existing Greggs,Greggs,51.5882059,-2.9967196,Wales,,
Existing Greggs,Greggs,51.5855433,-2.9944199,Wales,,
Existing Greggs,Greggs,55.0086245,-1.5787094,England,,
Existing Greggs,Greggs,54.9930294,-1.6988674,England,,
Existing Greggs,Greggs Outlet,50.9140286,-1.4477368,England,,
Existing Greggs,Greggs,54.9583586,-1.6703801,England,,
Existing Greggs,Greggs,54.9624675,-1.6042179,England,,
Existing Greggs,Greggs,55.0130864,-1.669037,England,,
Existing Greggs,Greggs,52.6123286,-0.1874774,England,,
Existing Greggs,Greggs,53.4052217,-2.9868396,England,,
Existing Greggs,Greggs,51.4923026,-0.1483926,England,,
Existing Greggs,Greggs,52.889912,-0.0824542,England,,
Existing Greggs,Greggs,54.9869202,-1.5774386,England,,
Existing Greggs,Greggs,53.8487301,-1.5922786,England,,
Existing Greggs,Greggs,51.4621263,-0.0104819,England,,
Existing Greggs,Greggs,50.7785526,-3.0303677,England,,
Existing Greggs,Greggs,53.6956155,-2.4675559,England,,
Existing Greggs,Greggs,55.8631242,-4.2527135,Scotland,,
Existing Greggs,Greggs,53.51258,-2.2118515,England,,
Existing Greggs,Greggs,50.4196462,-3.5858263,England,,
Existing Greggs,Greggs,53.3804171,-2.5887302,England,,
Existing Greggs,Greggs,51.3491605,-2.9791043,England,,
Existing Greggs,Greggs,54.8943925,-1.4298183,England,,
Existing Greggs,Greggs,52.4162885,-1.9303021,England,,
Existing Greggs,Greggs,52.5339746,-1.3747532,England,,
Existing Greggs,Greggs,51.5758983,-3.9991233,Wales,,
Existing Greggs,Greggs,51.2731808,0.5252967,England,,
Existing Greggs,Greggs,51.1252758,1.3152475,England,,
Existing Greggs,Greggs,51.5767331,-2.9460902,Wales,,
Existing Greggs,Greggs,54.9297143,-1.380132,England,,
Existing Greggs,Greggs,53.6530166,-2.6303854,England,,
Existing Greggs,Greggs,53.9658939,-2.0424915,England,,
Existing Greggs,Greggs,51.5961374,-2.9826573,Wales,,
Existing Greggs,Greggs,51.6647752,-3.144987,Wales,,
Existing Greggs,Greggs,53.4033872,-1.5013193,England,,
Existing Greggs,Greggs,51.3867728,1.3810504,England,,
Existing Greggs,Greggs,53.1299591,-0.810975,England,,
Existing Greggs,Greggs,51.9018462,-0.2019661,England,,
Existing Greggs,Greggs,51.6520767,-3.0221669,Wales,,
Existing Greggs,Greggs,51.6535834,-3.0221288,Wales,,
Existing Greggs,Greggs,52.4011281,-0.7274012,England,,
Existing Greggs,Greggs,51.4831383,-3.683006,Wales,,
Existing Greggs,Greggs,51.5747537,-2.9641769,Wales,,
Existing Greggs,Greggs,55.0200352,-1.5066289,England,,
Existing Greggs,Greggs,51.902715,-0.394962,England,,
Existing Greggs,Greggs,54.9914292,-1.5360503,England,,
Existing Greggs,Greggs,55.0058056,-1.6026023,England,,
Existing Greggs,Greggs,55.0363833,-1.5660185,England,,
Existing Greggs,Greggs,51.9049979,-0.4537553,England,,
Existing Greggs,Greggs,51.9161011,-0.4696201,England,,
Existing Greggs,Greggs,51.5875135,-0.6278873,England,,
Existing Greggs,Greggs,55.0853122,-1.5897025,England,,
Existing Greggs,Greggs,51.4924706,-0.2306337,England,,
Existing Greggs,Greggs,55.4789703,-4.5949386,Scotland,,
Existing Greggs,Greggs,53.3986141,-0.7726161,England,,
Existing Greggs,Greggs,54.9806728,-1.4895507,England,,
Existing Greggs,Greggs,50.9341814,-2.9375464,England,,
Existing Greggs,Greggs,53.797275,-2.6936245,England,,
Existing Greggs,Greggs,55.9354334,-3.1019757,Scotland,,
Existing Greggs,Greggs,53.6803971,-0.4547112,England,,
Existing Greggs,Greggs,52.4465414,1.7239061,England,,
Existing Greggs,Greggs,52.3525948,-0.1806533,England,,
Existing Greggs,Greggs,51.5309869,-3.2048907,Wales,,
Existing Greggs,Greggs,53.6573999,-1.7692943,England,,
Existing Greggs,Greggs,51.5080991,-0.58956,England,,
Existing Greggs,Greggs,55.8628569,-4.3116532,Scotland,,
Existing Greggs,Greggs,55.8297433,-4.2816736,Scotland,,
Existing Greggs,Greggs,53.7724748,-1.4712775,England,,
Existing Greggs,Greggs,56.7126202,-2.4679354,Scotland,,
Existing Greggs,Greggs,51.5357828,0.0524117,England,,
Existing Greggs,Greggs,52.5680877,-2.1658625,England,,
Existing Greggs,Greggs,55.8482836,-4.2265151,Scotland,,
Existing Greggs,Greggs,51.495449,-3.1654575,Wales,,
Existing Greggs,Greggs,51.4438638,0.216058,England,,
Existing Greggs,Greggs,51.3414714,0.6079069,England,,
Existing Greggs,Greggs,54.9200355,-1.4019603,England,,
Existing Greggs,Greggs,50.7350306,-1.7777864,England,,
Existing Greggs,Greggs,53.734103,-0.3684048,England,,
Existing Greggs,Greggs,54.7929092,-1.5907588,England,,
Existing Greggs,Greggs,55.4231325,-2.786119,Scotland,,
Existing Greggs,Greggs,56.0034517,-3.8138023,Scotland,,
Existing Greggs,Greggs,51.5508037,-0.4487065,England,,
Existing Greggs,Greggs,51.4493016,-1.3109592,England,,
Existing Greggs,Greggs,54.048979,-2.7997145,England,,
Existing Greggs,Greggs,52.440732,-2.835877,England,,
Existing Greggs,Greggs,55.8075678,-4.3163663,Scotland,,
Existing Greggs,Greggs,52.3407423,-0.3371662,England,,
Existing Greggs,Greggs,52.3009838,-0.6270063,England,,
Existing Greggs,Greggs,51.7626514,-3.3806988,Wales,,
Existing Greggs,Greggs,52.5748397,-1.1640371,England,,
Existing Greggs,Greggs,51.8506207,-4.3075662,Wales,,
Existing Greggs,Greggs,51.4525696,-0.9052613,England,,
Existing Greggs,Greggs,51.5117958,-2.1578446,England,,
Existing Greggs,Greggs,55.9443048,-2.9528409,Scotland,,
Existing Greggs,Greggs,53.8010607,-1.7537687,England,,
Existing Greggs,Greggs,52.9601518,-1.1916542,England,,
Existing Greggs,Greggs,53.7135926,-1.631786,England,,
Existing Greggs,Greggs,52.9828856,-2.1569354,England,,
Existing Greggs,Greggs,51.4941393,-3.5589655,Wales,,
Existing Greggs,Greggs,52.496122,-0.6505618,England,,
Existing Greggs,Greggs,55.8259233,-4.2647703,Scotland,,
Existing Greggs,Greggs,52.9020164,-1.1225609,England,,
Existing Greggs,Greggs,52.5716488,-0.2420727,England,,
Existing Greggs,Greggs,51.9584124,-1.202775,England,,
Existing Greggs,Greggs,55.8533991,-4.3187991,Scotland,,
Existing Greggs,Greggs,52.7184743,-2.5303848,England,,
Existing Greggs,Greggs,51.4932125,-3.1697974,Wales,,
Existing Greggs,Greggs,53.5234582,-1.3996799,England,,
Existing Greggs,Greggs,51.2258852,-0.7258594,England,,
Existing Greggs,Greggs,55.9260497,-3.2934755,Scotland,,
Existing Greggs,Greggs,52.3418439,-2.2768856,England,,
Existing Greggs,Greggs,51.4299673,-2.5398067,England,,
Existing Greggs,Greggs,51.2610874,-0.5739257,England,,
Existing Greggs,Greggs,51.6067886,0.2183864,England,,
Existing Greggs,Greggs,51.5122686,-0.4444555,England,,
Existing Greggs,Greggs,52.6764212,-2.4471984,England,,
Existing Greggs,Greggs,52.5978042,1.7111636,England,,
Existing Greggs,Greggs,53.0640256,-2.2529415,England,,
Existing Greggs,Greggs,51.5914176,-3.1751501,Wales,,
Existing Greggs,Greggs,51.4328899,-0.1289808,England,,
Existing Greggs,Greggs,50.8721377,-1.2713197,England,,
Existing Greggs,Greggs,54.0618132,-2.8528804,England,,
Existing Greggs,Greggs,51.4991306,-3.1398628,Wales,,
Existing Greggs,Greggs,52.6126396,-2.0364833,England,,
Existing Greggs,Greggs,52.4144026,-0.7901868,England,,
Existing Greggs,Greggs,51.453803,-3.1980593,Wales,,
Existing Greggs,Greggs,53.4143578,-2.5969653,England,,
Existing Greggs,Greggs,52.4240409,-0.7281232,England,,
Existing Greggs,Greggs,53.7126332,-2.477571,England,,
Existing Greggs,Greggs,52.3129193,-2.7058404,England,,
Existing Greggs,Greggs,51.4463024,-0.019503,England,,
Existing Greggs,Greggs,51.5045654,-0.2197931,England,,
Existing Greggs,Greggs,51.4273238,-0.1667129,England,,
Existing Greggs,Greggs,53.5463893,-2.6313637,England,,
Existing Greggs,Greggs,53.0601886,-2.9573417,Wales,,
Existing Greggs,Greggs,51.6089157,-3.6597132,Wales,,
Existing Greggs,Greggs,52.8216903,-1.3083366,England,,
Existing Greggs,Greggs,52.1268262,0.2224722,England,,
Existing Greggs,Greggs,51.7366388,0.6813364,England,,
Existing Greggs,Greggs,52.0044385,-0.7947707,England,,
Existing Greggs,Greggs,52.411014,-1.2507588,England,,
Existing Greggs,Greggs,53.9037132,-1.1960484,England,,
Existing Greggs,Greggs,51.7859044,0.1182685,England,,
Existing Greggs,Greggs,54.9049904,-5.0230841,Scotland,,
Existing Greggs,Greggs,53.3413923,0.2606007,England,,
Existing Greggs,Greggs,51.1363911,-0.0975827,England,,
Existing Greggs,Greggs,50.7176062,-3.5404215,England,,
Existing Greggs,Greggs,51.7721627,-2.8132326,Wales,,
Existing Greggs,Greggs,51.0050318,-0.9382429,England,,
Existing Greggs,Greggs,51.6982032,-0.1912576,England,,
Existing Greggs,Greggs,51.6096596,-3.0067146,Wales,,
Existing Greggs,Greggs,53.0061938,-1.717693,England,,
Existing Greggs,Greggs,50.9411676,-2.8042294,England,,
Existing Greggs,Greggs,53.4079066,-2.6297502,England,,
Existing Greggs,Greggs,53.1429202,0.3388561,England,,
Existing Greggs,Greggs,51.5685551,-1.7440932,England,,
Existing Greggs,Greggs,51.1207161,-1.2549558,England,,
Existing Greggs,Greggs,51.5055252,-0.7117884,England,,
Existing Greggs,Greggs,51.4846316,-0.5112607,England,,
Existing Greggs,Greggs,55.8067571,-3.9642151,Scotland,,
Existing Greggs,Greggs,53.7655102,-2.6565792,England,,
Existing Greggs,Greggs,51.3204097,-2.2096875,England,,
Existing Greggs,Greggs,55.8190314,-4.0823883,Scotland,,
Existing Greggs,Greggs,50.4823057,-3.5495201,England,,
Existing Greggs,Greggs,52.0688814,-1.3159558,England,,
Existing Greggs,Greggs,50.6201935,-3.411836,England,,
Existing Greggs,Greggs,52.961656,-1.2672874,England,,
Existing Greggs,Greggs,50.9415474,-2.6313342,England,,
Existing Greggs,Greggs,52.061439,1.1982516,England,,
Existing Greggs,Greggs,52.5037256,-1.7494147,England,,
Existing Greggs,Greggs,51.4926647,-0.2243813,England,,
Existing Greggs,Greggs,53.4892761,-2.0946369,England,,
Existing Greggs,Greggs,51.7681997,-3.3634719,Wales,,
Existing Greggs,Greggs,55.8849817,-3.1649359,Scotland,,
Existing Greggs,Greggs,51.4891277,0.2832671,England,,
Existing Greggs,Greggs,53.6624738,-2.6317097,England,,
Existing Greggs,Greggs,55.9545297,-2.8141869,Scotland,,
Existing Greggs,Greggs,55.8439762,-4.4681082,Scotland,,
Existing Greggs,Greggs,54.6553931,-1.2333682,England,,
Existing Greggs,Greggs,51.409711,-0.3058372,England,,
Existing Greggs,Greggs,54.7460292,-1.815036,England,,
Existing Greggs,Greggs,51.2523671,-1.1080533,England,,
Existing Greggs,Greggs,54.7042583,-1.5677197,England,,
Existing Greggs,Greggs,53.4962609,-2.2728551,England,,
Existing Greggs,Greggs,51.3929637,0.1118002,England,,
Existing Greggs,Greggs,53.5797709,-2.430112,England,,
Existing Greggs,Greggs,51.5702939,-2.9998911,Wales,,
Existing Greggs,Greggs,52.0636059,1.1096233,England,,
Existing Greggs,Greggs,51.7020912,-3.4203089,Wales,,
Existing Greggs,Greggs,54.5994038,-1.297749,England,,
Existing Greggs,Greggs,53.250543,-3.1381143,Wales,,
Existing Greggs,Greggs,54.6038675,-3.5348326,England,,
Existing Greggs,Greggs,51.6359985,-2.6836202,Wales,,
Existing Greggs,Greggs,53.2394209,-2.9498389,England,,
Existing Greggs,Greggs,55.4630595,-4.6305568,Scotland,,
Existing Greggs,Greggs,53.7801276,-3.0342386,England,,
Existing Greggs,Greggs,52.2993194,-0.7319481,England,,
Existing Greggs,Greggs,51.6543782,-0.3947542,England,,
Existing Greggs,Greggs,51.6569088,-0.3982031,England,,
Existing Greggs,Greggs,51.7454989,-3.3781842,Wales,,
Existing Greggs,Greggs,53.4816743,-2.2385099,England,,
Existing Greggs,Greggs,51.5913349,-0.104577,England,,
Existing Greggs,Greggs,52.1925804,-1.7043499,England,,
Existing Greggs,Greggs,53.4818793,-2.0571608,England,,
Existing Greggs,Greggs,53.5655547,-0.0857201,England,,
Existing Greggs,Greggs,51.570385,0.461104,England,,
Existing Greggs,Greggs,55.8687302,-3.7032607,Scotland,,
Existing Greggs,Greggs,51.4746483,-3.1537719,Wales,,
Existing Greggs,Greggs,52.7087923,-2.7525167,England,,
Existing Greggs,Greggs,53.7837355,-1.7973617,England,,
Existing Greggs,Greggs,54.9685102,-1.8376581,England,,
Existing Greggs,Greggs,51.4404957,0.7613655,England,,
Existing Greggs,Greggs,51.7454168,-3.3800259,Wales,,
Existing Greggs,Greggs,50.5656243,-2.4520421,England,,
Existing Greggs,Greggs,52.6429063,-2.0575355,England,,
Existing Greggs,Greggs,52.6074344,-1.6406929,England,,
Existing Greggs,Greggs,53.409431,-2.9238411,England,,
Existing Greggs,Greggs,51.9478097,-0.5011453,England,,
Existing Greggs,Greggs,54.3748567,-1.7231214,England,,
Existing Greggs,Greggs,57.1913972,-2.1216071,Scotland,,
Existing Greggs,Greggs,51.5622691,0.0333796,England,,
Existing Greggs,Greggs,52.3679644,-2.7180815,England,,
Existing Greggs,Greggs,51.4689945,-0.3610315,England,,
Existing Greggs,Greggs,54.2626479,-2.9610979,England,,
Existing Greggs,Greggs,51.11763,1.3068612,England,,
Existing Greggs,Greggs,51.117648,1.3068817,England,,
Existing Greggs,Greggs,51.1176367,1.3068661,England,,
Existing Greggs,Greggs,51.1179784,1.3070527,England,,
Existing Greggs,Greggs,53.3983971,-2.5425532,England,,
Existing Greggs,Greggs,52.6656604,1.2732285,England,,
Existing Greggs,Greggs,56.460268,-2.971451,Scotland,,
Existing Greggs,Greggs,52.19471,0.1367196,England,,
Existing Greggs,Greggs,53.8028073,-3.0078857,England,,
Existing Greggs,Greggs,51.5771463,-2.9447575,Wales,,
Existing Greggs,Greggs,53.6674448,-1.8242159,England,,
Existing Greggs,Greggs,51.1948578,0.2741638,England,,
Existing Greggs,Greggs,51.7166586,-1.9680755,England,,
Existing Greggs,Greggs,51.7013309,-0.0347842,England,,
Existing Greggs,Greggs,53.5595818,-0.0316379,England,,
Existing Greggs,Greggs,52.5867678,-1.1058959,England,,
Existing Greggs,Greggs,56.4756561,-3.0468473,Scotland,,
Existing Greggs,Greggs,53.4137968,-2.9118084,England,,
Existing Greggs,Greggs,55.9868483,-4.5814246,Scotland,,
Existing Greggs,Greggs,52.5790261,1.7276889,England,,
Existing Greggs,Greggs,51.5758689,-3.2173247,Wales,,
Existing Greggs,Greggs,55.8378652,-4.2436966,Scotland,,
Existing Greggs,Greggs,53.4189568,-2.5274362,England,,
Existing Greggs,Greggs,51.4832677,-0.3084421,England,,
Existing Greggs,Greggs,56.0238418,-3.9084253,Scotland,,
Existing Greggs,Greggs,55.9202134,-4.3340469,Scotland,,
Existing Greggs,Greggs,53.0694628,-2.3366796,England,,
Existing Greggs,Greggs,52.2301799,-1.0187084,England,,
Existing Greggs,Greggs,51.3173968,-2.2070195,England,,
Existing Greggs,Greggs,53.4736115,-2.3002236,England,,
Existing Greggs,Greggs,51.4811449,-3.1767085,Wales,,
Existing Greggs,Greggs,50.7237966,-3.530463,England,,
Existing Greggs,Greggs,52.4339359,-1.4326647,England,,
Existing Greggs,Greggs,52.6875595,-0.3280981,England,,
Existing Greggs,Greggs,50.723024,-3.5322083,England,,
Existing Greggs,Greggs,51.5167799,0.0819951,England,,
Existing Greggs,Greggs Outlet,53.5428644,-2.1152612,England,,
Existing Greggs,Greggs,53.5416163,-2.1135507,England,,
Existing Greggs,Greggs,51.4685762,-0.3639598,England,,
Existing Greggs,Greggs,55.9812873,-3.1903467,Scotland,,
Existing Greggs,Greggs,54.8363651,-1.3303596,England,,
Existing Greggs,Greggs,52.4092863,-1.510016,England,,
Existing Greggs,Greggs,52.4090667,-1.5130988,England,,
Existing Greggs,Greggs,52.4443395,-1.4921547,England,,
Existing Greggs,Greggs,52.8295061,0.8493242,England,,
Existing Greggs,Greggs,51.2428498,-0.7509374,England,,
Existing Greggs,Greggs,52.48203,-1.8907986,England,,
Existing Greggs,Greggs Outlet,53.4225783,-1.4554359,England,,
Existing Greggs,Greggs,51.2294485,-0.7427027,England,,
Existing Greggs,Greggs,52.036092,-0.6872715,England,,
Existing Greggs,Greggs,51.5589805,-3.0364712,Wales,,
Existing Greggs,Greggs,55.9498931,-3.9860873,Scotland,,
Existing Greggs,Greggs,55.9571991,-4.5612408,Scotland,,
Existing Greggs,Greggs Outlet,55.8491157,-4.2502189,Scotland,,
Existing Greggs,Greggs,51.5212871,-3.1194936,Wales,,
Existing Greggs,Greggs Outlet,51.5185556,0.0127956,England,,
Existing Greggs,Greggs,51.4619436,-3.4477327,Wales,,
Existing Greggs,Greggs,51.5002735,-3.2047484,Wales,,
Existing Greggs,Greggs Outlet,51.5110968,0.0329703,England,,
Existing Greggs,Greggs,51.8789489,0.5502167,England,,
Existing Greggs,Greggs,54.5812485,-1.3358293,England,,
Existing Greggs,Greggs,51.5885438,-0.0604529,England,,
Existing Greggs,Greggs,57.2840553,-2.375025,Scotland,,
Existing Greggs,Greggs,51.4808186,-0.0097009,England,,
Existing Greggs,Greggs,51.5663526,0.5042826,England,,
Existing Greggs,Greggs,57.6403319,-3.2624939,Scotland,,
Existing Greggs,Greggs,51.5074653,-3.5778049,Wales,,
Existing Greggs,Greggs,51.4662377,0.0089148,England,,
Existing Greggs,Greggs,53.2070155,-2.4981908,England,,
Existing Greggs,Greggs,51.6706383,-1.2823193,England,,
Existing Greggs,Greggs,52.2733614,-0.8654171,England,,
Existing Greggs,Greggs,51.7833926,0.105954,England,,
Existing Greggs,Greggs,52.8549961,-1.5831471,England,,
Existing Greggs,Greggs,51.5510417,-0.109903,England,,
Existing Greggs,Greggs,51.3460795,-0.8017859,England,,
Existing Greggs,Greggs,53.326311,-2.2320515,England,,
Existing Greggs,Greggs,55.8835212,-3.5108399,Scotland,,
Existing Greggs,Greggs,51.4521424,-2.1317261,England,,
Existing Greggs,Greggs,53.4247002,-2.9329996,England,,
Existing Greggs,Greggs,51.8647386,-2.2464602,England,,
Existing Greggs,Greggs,51.8648145,-2.2429326,England,,
Existing Greggs,Greggs,55.9390242,-3.0547438,Scotland,,
Existing Greggs,Greggs,51.1013279,-2.1858742,England,,
Existing Greggs,Greggs,54.5244712,-1.216013,England,,
Existing Greggs,Greggs,51.6140139,-0.1759804,England,,
Existing Greggs,Greggs,52.4106088,-1.2460568,England,,
Existing Greggs,Greggs,52.8997168,-1.8600199,England,,
Existing Greggs,Greggs,51.4258515,-1.0351912,England,,
Existing Greggs,Greggs,51.4308734,-0.1844169,England,,
Existing Greggs,Greggs,52.9045208,-2.4850975,England,,
Existing Greggs,Greggs,53.5770956,-2.0938076,England,,
Existing Greggs,Greggs,55.7757491,-4.0335875,Scotland,,
Existing Greggs,Greggs,55.7744826,-4.036774,Scotland,,
Existing Greggs,Greggs,53.0486898,-0.7782818,England,,
Existing Greggs,Greggs,53.5457307,-2.1408325,England,,
Existing Greggs,Greggs,53.5142455,-2.9105653,England,,
Existing Greggs,Greggs,53.8222238,-3.0329239,England,,
Existing Greggs,Greggs,55.7888799,-3.9897601,Scotland,,
Existing Greggs,Greggs,51.5069571,0.1066812,England,,
Existing Greggs,Greggs,53.124936,-1.2624609,England,,
Existing Greggs,Greggs,51.557773,0.0703644,England,,
Existing Greggs,Greggs,51.7326992,0.4557734,England,,
Existing Greggs,Greggs,53.5915214,-2.2951298,England,,
Existing Greggs,Greggs,55.8660101,-3.9786119,Scotland,,
Existing Greggs,Greggs,53.8160495,-2.8953339,England,,
Existing Greggs,Greggs,51.501426,-0.1116217,England,,
Existing Greggs,Greggs,50.8270055,-0.1416601,England,,
Existing Greggs,Greggs,53.5187892,-2.1443384,England,,
Existing Greggs,Greggs,51.5183946,-0.1121274,England,,
Existing Greggs,Greggs,52.0812912,0.4401919,England,,
Existing Greggs,Greggs,56.3402742,-2.7973743,Scotland,,
Existing Greggs,Greggs,55.7906691,-3.9921042,Scotland,,
Existing Greggs,Greggs Outlet,55.8561538,-4.2440803,Scotland,,
Existing Greggs,Greggs,53.7938476,-1.7514956,England,,
Existing Greggs,Greggs,51.5906186,0.0821742,England,,
Existing Greggs,Greggs,53.6152917,-2.1297791,England,,
Existing Greggs,Greggs,50.7078407,-4.0590048,England,,
Existing Greggs,Greggs,53.9617107,-2.7600937,England,,
Existing Greggs,Greggs,53.4801391,-2.2376678,England,,
Existing Greggs,Greggs,52.643543,-2.0553834,England,,
Existing Greggs,Greggs,52.2395287,0.7814579,England,,
Existing Greggs,Greggs,52.7117488,-2.5004984,England,,
Existing Greggs,Greggs,51.5030759,-3.22636,Wales,,
Existing Greggs,Greggs,53.6905065,-1.6285975,England,,
Existing Greggs,Greggs,51.4426568,-0.0445755,England,,
Existing Greggs,Greggs,51.6249751,-3.9382413,Wales,,
Existing Greggs,Greggs,51.573974,-3.292878,Wales,,
Existing Greggs,Greggs,51.5806472,-2.9854555,Wales,,
Existing Greggs,Greggs,52.2952396,-0.6867567,England,,
Existing Greggs,Greggs,52.9881619,-1.2126083,England,,
Existing Greggs,Greggs,50.7069131,-3.5298716,England,,
Existing Greggs,Greggs,54.228583,-1.3292159,England,,
Existing Greggs,Greggs,51.3040873,-0.4058052,England,,
Existing Greggs,Greggs,52.7119048,-1.7783394,England,,
Existing Greggs,Greggs,51.4253903,-0.0044833,England,,
Existing Greggs,Greggs,52.8861189,-2.1734528,England,,
Existing Greggs,Greggs,50.530236,-3.6112072,England,,
Existing Greggs,Greggs,53.4831959,-2.240148,England,,
Existing Greggs,Greggs,52.1854922,0.1600204,England,,
Existing Greggs,Greggs,52.014645,-0.2022714,England,,
Existing Greggs,Greggs,51.8222737,-3.0189144,Wales,,
Existing Greggs,Greggs,53.5759804,-2.2755327,England,,
Existing Greggs,Greggs,55.845339,-4.3448822,Scotland,,
Existing Greggs,Greggs,56.0034279,-4.7334445,Scotland,,
Existing Greggs,Greggs,53.8336017,-1.7778036,England,,
Existing Greggs,Greggs,52.5910167,-3.8507019,Wales,,
Existing Greggs,Greggs,51.4635892,-2.1147176,England,,
Existing Greggs,Greggs,51.2054693,-2.1800177,England,,
Existing Greggs,Greggs,55.7757351,-3.9488091,Scotland,,
Existing Greggs,Greggs,51.3732371,-2.1384496,England,,
Existing Greggs,Greggs,53.7974828,-1.5455228,England,,
Existing Greggs,Greggs,57.1991241,-2.1831722,Scotland,,
Existing Greggs,Greggs,51.602238,-3.3402575,Wales,,
Existing Greggs,Greggs,54.5445966,-3.584912,England,,
Existing Greggs,Greggs,51.5045826,-0.0842922,England,,
Existing Greggs,Greggs,51.5507808,0.1987454,England,,
Existing Greggs,Greggs,55.8583955,-4.2561955,Scotland,,
Existing Greggs,Greggs,55.8569269,-4.2542832,Scotland,,
Existing Greggs,Greggs,51.5285281,-0.0477474,England,,
Existing Greggs,Greggs Outlet,55.8513707,-4.1949193,Scotland,,
Existing Greggs,Greggs,53.0463922,-2.9871686,Wales,,
Existing Greggs,Greggs,55.8363833,-4.2107564,Scotland,,
Existing Greggs,Greggs,53.4664724,-2.3510236,England,,
Existing Greggs,Greggs,51.5399658,0.7125924,England,,
Existing Greggs,Greggs,51.6248704,-3.9425603,Wales,,
Existing Greggs,Greggs,51.3860391,0.4814532,England,,
Existing Greggs,Greggs,51.4027331,-0.1938392,England,,
Existing Greggs,Greggs,53.5016144,-1.4738314,England,,
Existing Greggs,Greggs,53.2924798,-2.5926078,England,,
Existing Greggs,Greggs,51.8108805,-2.7177893,Wales,,
Existing Greggs,Greggs,53.7483722,-2.4836558,England,,
Existing Greggs,Greggs,51.5064258,-0.4187754,England,,
Existing Greggs,Greggs,51.7747495,-3.2449593,Wales,,
Existing Greggs,Greggs,51.488348,-3.1783994,Wales,,
Existing Greggs,Greggs,50.9980582,-1.4987667,England,,
Existing Greggs,Greggs,52.5373256,-2.8022887,England,,
Existing Greggs,Greggs,53.4207828,-2.3303168,England,,
Existing Greggs,Greggs,50.8140831,-1.9126924,England,,
Existing Greggs,Greggs,52.4070768,-1.5243832,England,,
Existing Greggs,Greggs,51.4392664,0.2734066,England,,
Existing Greggs,Greggs,54.570303,-1.1815622,England,,
Existing Greggs,Greggs,53.7868581,-0.3205674,England,,
Existing Greggs,Greggs,51.9465447,-0.0284129,England,,
Existing Greggs,Greggs,53.0455473,-2.9935095,Wales,,
Existing Greggs,Greggs,53.5112976,-2.4313173,England,,
Existing Greggs,Greggs,54.9872475,-3.2603025,Scotland,,
Existing Greggs,Greggs,53.567295,-2.2308925,England,,
Existing Greggs,Greggs,54.575629,-1.237985,England,,
Existing Greggs,Greggs,53.3010034,-2.4007916,England,,
Existing Greggs,Greggs,53.30021,-2.400341,England,,
Existing Greggs,Greggs,51.4284993,-0.9455617,England,,
Existing Greggs,Greggs,51.4320428,0.395375,England,,
Existing Greggs,Greggs,51.6660363,-3.1952624,Wales,,
Existing Greggs,Greggs,50.6153276,-2.4555654,England,,
Existing Greggs,Greggs,51.5079624,-0.2230359,England,,
Existing Greggs,Greggs,51.4987022,-3.193698,Wales,,
Existing Greggs,Greggs,51.6413401,-3.9355744,Wales,,
Existing Greggs,Greggs,51.1930228,0.2724856,England,,
Existing Greggs,Greggs,51.0819576,-4.0614624,England,,
Existing Greggs,Greggs,53.3589874,-2.5046462,England,,
Existing Greggs,Greggs,53.4492829,-2.3026082,England,,
Existing Greggs,Greggs,50.3914897,-4.1823772,England,,
Existing Greggs,Greggs,55.5971514,-4.4748493,Scotland,,
Existing Greggs,Greggs,53.9471553,-1.3686571,England,,
Existing Greggs,Greggs,53.944719,-1.3708252,England,,
Existing Greggs,Greggs,51.3986208,-3.3394861,Wales,,
Existing Greggs,Greggs,54.9958607,-3.0566162,Scotland,,
Existing Greggs,Greggs,55.7900496,-3.9131285,Scotland,,
Existing Greggs,Greggs,55.8518075,-4.1697102,Scotland,,
Existing Greggs,Greggs,54.5111791,-6.0485139,Northern Ireland,,
Existing Greggs,Greggs,51.7593604,-0.4382636,England,,
Existing Greggs,Greggs,53.4199418,-2.3042971,England,,
Existing Greggs,Greggs,53.0816765,-0.8056632,England,,
Existing Greggs,Greggs,51.4896252,0.0200769,England,,
Existing Greggs,Greggs,51.1657787,-2.9885024,England,,
Existing Greggs,Greggs,55.6023398,-2.7520331,Scotland,,
Existing Greggs,Greggs,55.9400186,-4.1572232,Scotland,,
Existing Greggs,Greggs,52.5851871,1.7240329,England,,
Existing Greggs,Greggs,53.357106,-2.1657199,England,,
Existing Greggs,Greggs,51.6352104,-1.8345254,England,,
Existing Greggs,Greggs,51.5080725,-0.3472357,England,,
Existing Greggs,Greggs,53.1109655,-1.2983059,England,,
Existing Greggs,Greggs,55.5441953,-4.6629476,Scotland,,
Existing Greggs,Greggs,54.5985907,-5.9281169,Northern Ireland,,
Existing Greggs,Greggs,51.519409,-0.1804527,England,,
Existing Greggs,Greggs,53.2728123,-2.8125623,England,,
Existing Greggs,Greggs,54.9660702,-1.7164991,England,,
Existing Greggs,Greggs,53.0389161,-2.9276786,Wales,,
Existing Greggs,Greggs,51.6568908,-0.2740051,England,,
Existing Greggs,Greggs,56.9644279,-2.2085501,Scotland,,
Existing Greggs,Greggs,52.8495725,-3.0279793,England,,
Existing Greggs,Greggs,51.7160921,-0.2826362,England,,
Existing Greggs,Greggs,53.7543574,-2.3690982,England,,
Existing Greggs,Greggs,52.9668929,-2.7052277,England,,
Existing Greggs,Greggs,52.6821411,-2.7600843,England,,
Existing Greggs,Greggs,51.5004604,0.0038376,England,,
Existing Greggs,Greggs,53.1589796,-2.9097196,England,,
Existing Greggs,Greggs,51.4642767,-3.2700687,Wales,,
Existing Greggs,Greggs,52.8051714,-2.1129335,England,,
Existing Greggs,Greggs,52.5087036,-1.8236842,England,,
Existing Greggs,Greggs,52.5555369,-2.013429,England,,
Existing Greggs,Greggs,52.5130112,-1.7093169,England,,
Existing Greggs,Greggs,52.6829633,-1.8287846,England,,
Existing Greggs,Greggs Outlet,52.5030847,-1.9163013,England,,
Existing Greggs,Greggs,52.5069831,-0.426473,England,,
Existing Greggs,Greggs,52.1884133,-2.171641,England,,
Existing Greggs,Greggs,51.2528711,0.5454043,England,,
Existing Greggs,Greggs,54.5250713,-1.5534697,England,,
Existing Greggs,Greggs,52.2607092,0.7100013,England,,
Existing Greggs,Greggs,57.6468179,-3.3318245,Scotland,,
Existing Greggs,Greggs,55.8483913,-4.4896048,Scotland,,
Existing Greggs,Greggs,53.4740172,-2.1647015,England,,
Existing Greggs,Greggs,51.2071111,0.0623601,England,,
Existing Greggs,Greggs,52.6917151,-2.1208522,England,,
Existing Greggs,Greggs,51.5196009,-0.644986,England,,
Existing Greggs,Greggs,53.1676092,-3.1344018,Wales,,
Existing Greggs,Greggs,56.2096171,-3.4393596,Scotland,,
Existing Greggs,Greggs,55.0139769,-1.6613978,England,,
Existing Greggs,Greggs,56.4829694,-2.9931296,Scotland,,
Existing Greggs,Greggs,56.1349083,-3.1493292,Scotland,,
Existing Greggs,Greggs,56.56091,-2.5832478,Scotland,,
Existing Greggs,Greggs,51.5999781,-0.6686154,England,,
Existing Greggs,Greggs,51.4964369,-3.1804095,Wales,,
Existing Greggs,Greggs,51.8506923,-2.6619503,England,,
Existing Greggs,Greggs,51.4826966,-3.1745914,Wales,,
Existing Greggs,Greggs,51.5610887,-1.7859317,England,,
Existing Greggs,Greggs,51.3916534,-3.2759849,Wales,,
Existing Greggs,Greggs,53.9254028,-1.8232232,England,,
Existing Greggs,Greggs,52.4095951,-1.503925,England,,
Existing Greggs,Greggs,51.4802165,-3.1795777,Wales,,
Existing Greggs,Greggs,51.5068296,-3.5780193,Wales,,
Existing Greggs,Greggs,52.8678254,-1.3705773,England,,
Existing Greggs,Greggs,51.2136405,-1.5349375,England,,
Existing Greggs,Greggs,51.2085192,-2.6471423,England,,
Existing Greggs,Greggs,57.607669,-3.6270801,Scotland,,
Existing Greggs,Greggs,51.67868,-4.1336282,Wales,,
Existing Greggs,Greggs,51.8290705,-2.5025163,England,,
Existing Greggs,Greggs,52.5175255,-1.9931456,England,,
Existing Greggs,Greggs,51.4103983,-0.8326927,England,,
Existing Greggs,Greggs,55.8765804,-4.2925091,Scotland,,
Existing Greggs,Greggs,51.4962591,-0.4464943,England,,
Existing Greggs,Greggs,51.4612397,-0.4817544,England,,
Existing Greggs,Greggs,51.5278738,-0.3531092,England,,
Existing Greggs,Greggs,51.5112799,-0.3778906,England,,
Existing Greggs,Greggs,51.4483831,-0.4474556,England,,
Existing Greggs,Greggs,55.7745908,-3.9216135,Scotland,,
Existing Greggs,Greggs,52.5996884,-0.2108927,England,,
Existing Greggs,Greggs,51.4777395,-3.7039567,Wales,,
Existing Greggs,Greggs,50.4007989,-5.0703181,England,,
Existing Greggs,Greggs,51.5590846,-1.828821,England,,
Existing Greggs,Greggs,52.6839749,-1.0895291,England,,
Existing Greggs,Greggs,51.472488,-0.0696429,England,,
Existing Greggs,Greggs,54.5484709,-3.5895727,England,,
Existing Greggs,Greggs,56.7231994,-2.464877,Scotland,,
Existing Greggs,Greggs,55.8589535,-4.2621137,Scotland,,
Existing Greggs,Greggs,51.5969981,-3.7855118,Wales,,
Existing Greggs,Greggs,51.7308857,-3.1344168,Wales,,
Existing Greggs,Greggs,51.4392271,-3.1756662,Wales,,
Existing Greggs,Greggs,57.1442697,-2.0968683,Scotland,,
Existing Greggs,Greggs,54.798993,-2.8697187,England,,
Existing Greggs,Greggs,51.1150224,-1.2546282,England,,
Existing Greggs,Greggs,53.4571046,-2.3367364,England,,
Existing Greggs,Greggs,52.9491413,-0.6788502,England,,
Existing Greggs,Greggs,55.9446083,-4.0318116,Scotland,,
Existing Greggs,Greggs,51.5085635,-3.3072439,Wales,,
Existing Greggs,Greggs,51.4884183,-0.3877993,England,,
Existing Greggs,Greggs,54.1791278,-2.7335655,England,,
Existing Greggs,Greggs,53.3006162,-2.4018621,England,,
Existing Greggs,Greggs,50.7167323,-3.4633283,England,,
Existing Greggs,Greggs,51.6812904,-0.3886223,England,,
Existing Greggs,Greggs,51.4055487,-0.9444428,England,,
Existing Greggs,Greggs,55.3982224,-1.6923799,England,,
Existing Greggs,Greggs,53.0111376,-2.22522,England,,
Existing Greggs,Greggs,53.2554531,-1.4282388,England,,
Existing Greggs,Greggs,51.581757,-1.7514218,England,,
Existing Greggs,Greggs,51.7829199,-2.036968,England,,
Existing Greggs,Greggs,55.8034724,-4.3350099,Scotland,,
Existing Greggs,Greggs,51.529953,-0.898172,England,,
Existing Greggs,Greggs,53.8159457,-1.8187282,England,,
Existing Greggs,Greggs,54.3401062,-2.7343205,England,,
Existing Greggs,Greggs,51.0297888,-2.2566458,England,,
Existing Greggs,Greggs,51.6719239,-4.6993952,Wales,,
Existing Greggs,Greggs,51.087117,1.1498848,England,,
Existing Greggs,Greggs,51.4414981,-1.0603445,England,,
Existing Greggs,Greggs,51.5092721,-0.7324686,England,,
Existing Greggs,Greggs,55.8664016,-3.6858561,Scotland,,
Existing Greggs,Greggs,51.5092897,-0.5938967,England,,
Existing Greggs,Greggs,53.9930052,-1.5397489,England,,
Existing Greggs,Greggs,51.5377536,0.7135566,England,,
Existing Greggs,Greggs,55.8762647,-4.3657713,Scotland,,
Existing Greggs,Greggs,55.9153168,-3.285228,Scotland,,
Existing Greggs,Greggs,51.6140316,-0.2756549,England,,
Existing Greggs,Greggs,51.1270503,-0.0162757,England,,
Existing Greggs,Greggs,55.8193953,-4.3411739,Scotland,,
Existing Greggs,Greggs,55.9404048,-4.3182008,Scotland,,
Existing Greggs,Greggs,51.4444121,-0.1518036,England,,
Existing Greggs,Greggs,51.6882552,-3.2289056,Wales,,
Existing Greggs,Greggs,50.7431768,-1.9462728,England,,
Existing Greggs,Greggs,51.6330693,-0.1295623,England,,
Existing Greggs,Greggs,50.8945065,-1.3204028,England,,
Existing Greggs,Greggs,51.7173942,-1.1972986,England,,
Existing Greggs,Greggs,50.9339443,-1.4706162,England,,
Existing Greggs,Greggs,52.4065657,-1.5757184,England,,
Existing Greggs,Greggs,50.9678465,-1.3521654,England,,
Existing Greggs,Greggs,53.5759305,-2.4278202,England,,
Existing Greggs,Greggs,56.0188751,-3.7228721,Scotland,,
Existing Greggs,Greggs,53.4006764,-3.1134228,England,,
Existing Greggs,Greggs,50.6095382,-1.957964,England,,
Existing Greggs,Greggs,56.3860794,-3.4372187,Scotland,,
Existing Greggs,Greggs,53.7620438,-2.7378936,England,,
Existing Greggs,Greggs,51.2146926,-1.5355722,England,,
Existing Greggs,Greggs,53.2009408,-1.3405911,England,,
Existing Greggs,Greggs,51.5937133,0.2185641,England,,
Existing Greggs,Greggs,51.9958734,-0.7173729,England,,
Existing Greggs,Greggs,52.39826,-1.4335953,England,,
Existing Greggs,Greggs,55.0015199,-1.6663354,England,,
Existing Greggs,Greggs,53.2740612,-3.3058896,Wales,,
Existing Greggs,Greggs,51.52691,-0.0615742,England,,
Existing Greggs,Greggs,52.4296793,-2.0188054,England,,
Existing Greggs,Greggs,52.0752429,0.4524621,England,,
Existing Greggs,Greggs,54.525943,-6.0023112,Northern Ireland,,
Existing Greggs,Greggs,53.278671,-2.9009403,England,,
Existing Greggs,Greggs,53.2235884,-3.0688908,Wales,,
Existing Greggs,Greggs,50.6403544,-3.5629146,England,,
Existing Greggs,Greggs,55.6089329,-4.6384961,Scotland,,
Existing Greggs,Greggs,53.7876877,-2.2505009,England,,
Existing Greggs,Greggs,51.6236817,-0.0588396,England,,
Existing Greggs,Greggs,53.4612331,-2.2247455,England,,
Existing Greggs,Greggs,50.6276432,-4.3711668,England,,
Existing Greggs,Greggs,53.961605,-2.7613653,England,,
Existing Greggs,Greggs,51.3252372,-0.75494,England,,
Existing Greggs,Greggs,53.7486491,-1.6331772,England,,
Existing Greggs,Greggs,51.3449567,0.1121274,England,,
Existing Greggs,Greggs,51.5003062,-2.5477467,England,,
Existing Greggs,Greggs,55.8620297,-4.2509628,Scotland,,
Existing Greggs,Greggs,52.8177111,-1.6515379,England,,
Existing Greggs,Greggs,51.6818648,-4.1602209,Wales,,
Existing Greggs,Greggs,53.7430661,-0.860587,England,,
Existing Greggs,Greggs,55.8833192,-4.2285063,Scotland,,
Existing Greggs,Greggs,51.5224248,-2.5880865,England,,
Existing Greggs,Greggs,51.3976357,-0.9848578,England,,
Existing Greggs,Greggs,51.3019796,-0.3302723,England,,
Existing Greggs,Greggs,51.81541,-0.7899667,England,,
Existing Greggs,Greggs,51.6535217,-0.0587474,England,,
Existing Greggs,Greggs,51.6342134,-0.0709501,England,,
Existing Greggs,Greggs,51.394108,0.5368296,England,,
Existing Greggs,Greggs,55.7605479,-4.1750526,Scotland,,
Existing Greggs,Greggs,50.9041993,-1.4045356,England,,
Existing Greggs,Greggs,53.7537003,-2.4408411,England,,
Existing Greggs,Greggs,51.6691297,-4.0395124,Wales,,
Existing Greggs,Greggs,51.287344,1.3375634,England,,
Existing Greggs,Greggs,51.580818,0.4465415,England,,
Existing Greggs,Greggs,53.4401492,-3.0455138,England,,
Existing Greggs,Greggs,50.8347874,-0.2061182,England,,
Existing Greggs,Greggs,53.4822404,-2.2404931,England,,
Existing Greggs,Greggs,52.9076088,-1.8553482,England,,
Existing Greggs,Greggs,56.0259734,-3.8172158,Scotland,,
Existing Greggs,Greggs,51.4770849,-0.026001,England,,
Existing Greggs,Greggs,55.9431424,-4.5711105,Scotland,,
Existing Greggs,Greggs,51.0698074,-1.7982122,England,,
Existing Greggs,Greggs,52.9031849,-1.2449806,England,,
Existing Greggs,Greggs,55.0678149,-3.6103532,Scotland,,
Existing Greggs,Greggs,55.8593518,-4.2583289,Scotland,,
Existing Greggs,Greggs,56.0001177,-3.7867564,Scotland,,
Existing Greggs,Greggs,55.0380074,-1.7100906,England,,
Existing Greggs,Greggs,51.3604844,-1.979112,England,,
Existing Greggs,Greggs,51.6630571,-3.8269503,Wales,,
Existing Greggs,Greggs,51.4096169,0.1439959,England,,
Existing Greggs,Greggs,53.5070856,-1.1134995,England,,
Existing Greggs,Greggs,53.7496736,-1.528678,England,,
Existing Greggs,Greggs,53.7870615,-2.7801741,England,,
Existing Greggs,Greggs,52.4573731,-1.1996395,England,,
Existing Greggs,Greggs,53.3136167,-1.1404036,England,,
Existing Greggs,Greggs,55.9988359,-3.7826311,Scotland,,
Existing Greggs,Greggs,52.4279031,-0.2714848,England,,
Existing Greggs,Greggs,53.3827569,-0.0125888,England,,
Existing Greggs,Greggs,51.4859946,-3.1582228,Wales,,
Existing Greggs,Greggs,51.7940487,-1.2841871,England,,
Existing Greggs,Greggs,56.0364,-3.8063164,Scotland,,
Existing Greggs,Greggs,51.5872456,-0.0419824,England,,
Existing Greggs,Greggs,54.8155094,-1.3731916,England,,
Existing Greggs,Greggs,51.0834506,-1.8249819,England,,
Existing Greggs,Greggs,52.1931231,-2.2147942,England,,
Existing Greggs,Greggs,53.6715676,-2.6208782,England,,
Existing Greggs,Greggs,54.5648457,-5.9085434,Northern Ireland,,
Existing Greggs,Greggs,53.1756169,-2.2244947,England,,
Existing Greggs,Greggs,52.9324099,1.2986036,England,,
Existing Greggs,Greggs,55.0682166,-3.5537542,Scotland,,
Existing Greggs,Greggs,51.1888936,-2.5494331,England,,
Existing Greggs,Greggs,51.5362864,0.7135403,England,,
Existing Greggs,Greggs,51.3077256,-0.7489252,England,,
Existing Greggs,Greggs,52.4869374,-1.9603491,England,,
Existing Greggs,Greggs,51.779459,-3.2072794,Wales,,
Existing Greggs,Greggs,50.7285872,-2.0177671,England,,
Existing Greggs,Greggs,51.451851,-2.5879223,England,,
Existing Greggs,Greggs,52.0754463,0.4520832,England,,
Existing Greggs,Greggs,50.7844203,-1.9074864,England,,
Existing Greggs,Greggs,51.6999853,0.1122353,England,,
Existing Greggs,Greggs,55.8179526,-4.0256227,Scotland,,
Existing Greggs,Greggs,53.3986531,-2.811718,England,,
Existing Greggs,Greggs,56.4177629,-3.4736999,Scotland,,
Existing Greggs,Greggs,54.6840692,-1.2132621,England,,
Existing Greggs,Greggs,52.2320297,0.8930442,England,,
Existing Greggs,Greggs,51.3995608,-0.2553989,England,,
Existing Greggs,Greggs,53.6781022,-1.7413225,England,,
Existing Greggs,Greggs,55.8998191,-4.2899107,Scotland,,
Existing Greggs,Greggs,52.7008304,-1.3054717,England,,
Existing Greggs,Greggs,55.8645432,-4.2840464,Scotland,,
Existing Greggs,Greggs,51.6115908,-3.407482,Wales,,
Existing Greggs,Greggs,50.7196045,-3.8520314,England,,
Existing Greggs,Greggs,51.6143667,-3.4138848,Wales,,
Existing Greggs,Greggs,55.8845711,-3.5105372,Scotland,,
Existing Greggs,Greggs,55.8833551,-3.5153232,Scotland,,
Existing Greggs,Greggs,55.9516116,-2.8833647,Scotland,,
Existing Greggs,Greggs,55.9263626,-3.0627749,Scotland,,
Existing Greggs,Greggs,54.992485,-1.6058267,England,,
Existing Greggs,Greggs,52.6714358,-3.1229127,Wales,,
Existing Greggs,Greggs,51.5299193,-0.1246391,England,,
Existing Greggs,Greggs,55.8721229,-4.1379937,Scotland,,
Existing Greggs,Greggs,51.5371275,-3.3841981,Wales,,
Existing Greggs,Greggs,51.6826882,-3.3789188,Wales,,
Existing Greggs,Greggs,55.8684944,-4.1212302,Scotland,,
Existing Greggs,Greggs,53.3615573,-2.2883735,England,,
Existing Greggs,Greggs,51.4504396,-2.5818455,England,,
Existing Greggs,Greggs,54.6054747,-5.9117947,Northern Ireland,,
Existing Greggs,Greggs,54.1134352,-3.2254467,England,,
Existing Greggs,Greggs,51.3258224,0.9863558,England,,
Existing Greggs,Greggs,53.2056704,-3.0240223,Wales,,
Existing Greggs,Greggs,53.6517214,-2.3158488,England,,
Existing Greggs,Greggs,54.7297715,-6.2312389,Northern Ireland,,
Existing Greggs,Greggs,54.638019,-1.6903754,England,,
Existing Greggs,Greggs,51.5012321,-0.125212,England,,
Existing Greggs,Greggs,51.2405225,-0.1689194,England,,
Existing Greggs,Greggs,52.5439152,-0.331868,England,,
Existing Greggs,Greggs,51.2184725,-0.7904854,England,,
Existing Greggs,Greggs,53.8118869,-1.6265492,England,,
Existing Greggs,Greggs,54.5119887,-6.7632448,Northern Ireland,,
Existing Greggs,Greggs,54.6902662,-1.2106031,England,,
Existing Greggs,Greggs,54.6279338,-1.3065573,England,,
Existing Greggs,Greggs,52.5225553,-1.4691302,England,,
Existing Greggs,Greggs,51.3550968,-2.1403599,England,,
Existing Greggs,Greggs Outlet,55.9241498,-3.2863534,Scotland,,
Existing Greggs,Greggs,53.4812991,-2.1700613,England,,
Existing Greggs,Greggs,51.4574679,-2.5902567,England,,
Existing Greggs,Greggs,52.4011347,-1.5145162,England,,
Existing Greggs,Greggs,51.0783995,1.1786632,England,,
Existing Greggs,Greggs,52.6014964,-0.2666973,England,,
Existing Greggs,Greggs,54.5877613,-5.9327015,Northern Ireland,,
Existing Greggs,Greggs,53.4127129,-2.1571677,England,,
Existing Greggs,Greggs,52.4803042,-1.4732209,England,,
Existing Greggs,Greggs,55.8366457,-4.5112322,Scotland,,
Existing Greggs,Greggs,52.760886,-0.1586311,England,,
Existing Greggs,Greggs,51.514175,-0.1026798,England,,
Existing Greggs,Greggs,53.4071703,-2.9825829,England,,
Existing Greggs,Greggs,53.8208697,-3.0499883,England,,
Existing Greggs,Greggs,52.5127777,-1.8737514,England,,
Existing Greggs,Greggs,52.6762762,-2.4238435,England,,
Existing Greggs,Greggs,53.7355166,-1.7210617,England,,
Existing Greggs,Greggs,52.7176833,-2.5246075,England,,
Existing Greggs,Greggs,53.3304798,-1.9096256,England,,
Existing Greggs,Greggs,54.9764883,-1.6127053,England,,
Existing Greggs,Greggs,53.4227335,-3.0666693,England,,
Existing Greggs,Greggs,54.5256336,-6.0041282,Northern Ireland,,
Existing Greggs,Greggs,53.5312776,-1.4120689,England,,
Existing Greggs,Greggs,51.440347,-0.3873264,England,,
Existing Greggs,Greggs,54.4235427,-6.4424633,Northern Ireland,,
Existing Greggs,Greggs,52.8966154,-1.1423037,England,,
Existing Greggs,Greggs,51.5892741,-3.2237602,Wales,,
Existing Greggs,Greggs,53.3674908,-2.2791645,England,,
Existing Greggs,Greggs,53.4765091,-2.867673,England,,
Existing Greggs,Greggs,50.8452964,-1.0669578,England,,
Existing Greggs,Greggs,55.4678915,-4.6283431,Scotland,,
Existing Greggs,Greggs,51.8936559,-1.1628489,England,,
Existing Greggs,Greggs,51.5568246,-0.2825108,England,,
Existing Greggs,Greggs,51.9174894,-2.0952679,England,,
Existing Greggs,Greggs,54.8894905,-1.5600062,England,,
Existing Greggs,Greggs Outlet,51.4593117,-2.5549299,England,,
Existing Greggs,Greggs,51.3415712,0.5722016,England,,
Existing Greggs,Greggs,53.4287576,-2.9196238,England,,
Existing Greggs,Greggs,55.8623623,-4.0262205,Scotland,,
Existing Greggs,Greggs,51.4814004,-3.1983595,Wales,,
Existing Greggs,Greggs,51.4900306,0.1211727,England,,
Existing Greggs,Greggs,56.0114027,-3.7658958,Scotland,,
Existing Greggs,Greggs,51.4033798,0.0154012,England,,
Existing Greggs,Greggs,53.3948202,-2.6104944,England,,
Existing Greggs,Greggs,51.4114078,-0.3017684,England,,
Existing Greggs,Greggs,52.5248219,-0.2407205,England,,
Existing Greggs,Greggs,53.3850729,-2.347196,England,,
Existing Greggs,Greggs,51.3565836,-2.9339519,England,,
Existing Greggs,Greggs,50.9018406,-1.4031116,England,,
Existing Greggs,Greggs,51.2739935,0.5239512,England,,
Existing Greggs,Greggs,50.7386201,-3.5453794,England,,
Existing Greggs,Greggs,53.9625047,-2.759474,England,,
Existing Greggs,Greggs,54.5276023,-1.2925409,England,,
Existing Greggs,Greggs,54.5461424,-1.3205802,England,,
Existing Greggs,Greggs,54.9939401,-1.4313944,England,,
Existing Greggs,Greggs,52.4284567,-1.9218358,England,,
Existing Greggs,Greggs,56.1150568,-3.7915278,Scotland,,
Existing Greggs,Greggs,53.8657561,-1.9078986,England,,
Existing Greggs,Greggs,51.4067796,-0.0306738,England,,
Existing Greggs,Greggs,52.6582351,-1.1331421,England,,
Existing Greggs,Greggs,53.5391841,-0.0445381,England,,
Existing Greggs,Greggs,52.6529898,-1.0691684,England,,
Existing Greggs,Greggs,51.5244667,-3.1025799,Wales,,
Existing Greggs,Greggs,55.9071418,-4.2065935,Scotland,,
Existing Greggs,Greggs,51.4943518,-0.0904579,England,,
Existing Greggs,Greggs,53.8676303,-1.9073378,England,,
Existing Greggs,Greggs,51.6197656,-3.9459439,Wales,,
Existing Greggs,Greggs,52.7291661,-1.366509,England,,
Existing Greggs,Greggs,51.603258,-0.0548981,England,,
Existing Greggs,Greggs,55.6104171,-4.4954884,Scotland,,
Existing Greggs,Greggs,54.9734057,-1.6109604,England,,
Existing Greggs,Greggs,53.406198,-2.9815389,England,,
Existing Greggs,Greggs,51.533989,-0.0269313,England,,
Existing Greggs,Greggs,51.0103289,-2.1928427,England,,
Existing Greggs,Greggs,53.7964164,-1.545681,England,,
Existing Greggs,Greggs,53.7519262,-2.8814544,England,,
Existing Greggs,Greggs,52.5980428,0.398044,England,,
Existing Greggs,Greggs,56.0152398,-3.7052062,Scotland,,
Existing Greggs,Greggs,51.5955803,-2.9310505,Wales,,
Existing Greggs,Greggs,57.0542334,-2.480032,Scotland,,
Existing Greggs,Greggs,51.4631386,-0.3016595,England,,
Existing Greggs,Greggs,53.3928596,-2.2921318,England,,
Existing Greggs,Greggs,52.057614,-0.035904,England,,
Existing Greggs,Greggs,51.4153221,-2.6002742,England,,
Existing Greggs,Greggs,53.402225,-2.254752,England,,
Existing Greggs,Greggs,54.9082949,-1.4141957,England,,
Existing Greggs,Greggs,52.5763965,-0.2103306,England,,
Existing Greggs,Greggs,54.9952133,-1.465519,England,,
Existing Greggs,Greggs,55.7602219,-4.1803121,Scotland,,
Existing Greggs,Greggs,56.3875828,-3.47921,Scotland,,
Existing Greggs,Greggs @ Primark Oxford St,51.5164844,-0.131851,England,,
Existing Greggs,Greggs,54.3528112,-1.4460116,England,,
Existing Greggs,Greggs,52.0963495,0.1310333,England,,
Existing Greggs,Greggs,52.8396457,0.8704103,England,,
Existing Greggs,Greggs,53.4283359,-2.8262687,England,,
Existing Greggs,Greggs,50.7859464,0.3058343,England,,
Existing Greggs,Greggs,51.7166761,-5.041899,Wales,,
Existing Greggs,Greggs,53.4092781,-2.9939419,England,,
Existing Greggs,Greggs,51.4095131,0.758701,England,,
Existing Greggs,Greggs,54.5625366,-1.2058259,England,,
Existing Greggs,Greggs,51.378842,-0.242474,England,,
Existing Greggs,Greggs,53.4210544,-2.78579,England,,
Existing Greggs,Greggs,53.4127436,-2.83659,England,,
Existing Greggs,Greggs,53.13963,-4.2735544,Wales,,
Existing Greggs,Bitesize Greggs,51.4472571,0.2187809,England,,
Existing Greggs,Greggs,54.6052279,-5.9285268,Northern Ireland,,
Existing Greggs,Greggs,52.4640065,0.0435544,England,,
Existing Greggs,Greggs,53.4660383,-2.8542858,England,,
Existing Greggs,Greggs,53.45135,-2.7421689,England,,
Existing Greggs,Greggs,54.587,-1.5648202,England,,
Existing Greggs,Greggs,55.7826897,-3.9795238,Scotland,,
Existing Greggs,Greggs,55.9489036,-4.7595613,Scotland,,
Existing Greggs,Greggs,51.692631,-3.0213006,Wales,,
Existing Greggs,Greggs,53.2557934,-1.4457096,England,,
Existing Greggs,Greggs,53.2904465,-0.5424801,England,,
Existing Greggs,Greggs,55.8565647,-4.0206931,Scotland,,
Existing Greggs,Greggs,52.4432873,-1.8339393,England,,
Existing Greggs,Greggs,51.2844044,-1.0597069,England,,
Existing Greggs,Greggs,52.6225005,1.3073654,England,,
Existing Greggs,Greggs,51.5188156,-0.1419251,England,,
Existing Greggs,Greggs,52.5613764,-1.8255078,England,,
Existing Greggs,Greggs,51.3787016,-2.3595121,England,,
Existing Greggs,Greggs,51.3400118,0.7350103,England,,
Existing Greggs,Greggs,52.4333886,-1.8932761,England,,
Existing Greggs,Greggs,52.9290082,-1.2763369,England,,
Existing Greggs,Greggs,52.8905827,-1.4524613,England,,
Existing Greggs,Greggs,52.9215121,-1.4745542,England,,
Existing Greggs,Greggs,52.3917476,-0.5254505,England,,
Existing Greggs,Greggs,51.7892121,1.1529554,England,,
Existing Greggs,Greggs,52.4907574,-1.8670514,England,,
Existing Greggs,Greggs,53.3426447,-2.73264,England,,
Existing Greggs,Greggs,51.5377961,-0.1935459,England,,
Existing Greggs,Greggs,52.4468315,-1.8207896,England,,
Existing Greggs,Greggs,52.517226,-1.8205062,England,,
Existing Greggs,Greggs,50.9244384,-1.3118342,England,,
Existing Greggs,Greggs,51.7312644,0.6766866,England,,
Existing Greggs,Greggs,52.5624209,-1.8234209,England,,
Existing Greggs,Greggs,52.0651096,-0.5538876,England,,
Existing Greggs,Greggs,55.9298458,-3.2993946,Scotland,,
Existing Greggs,Greggs,51.1303025,0.9056597,England,,
Existing Greggs,Greggs,52.0586388,1.1499822,England,,
Existing Greggs,Greggs,52.638791,1.2820751,England,,
Existing Greggs,Greggs,51.4972177,-0.1340214,England,,
Existing Greggs,Greggs,52.5057241,-1.8635373,England,,
Existing Greggs,Greggs,55.5988727,-2.4335311,Scotland,,
Existing Greggs,Greggs,53.0970523,-1.3881347,England,,
Existing Greggs,Greggs,54.6890704,-1.5561291,England,,
Existing Greggs,Greggs,55.862304,-4.2531985,Scotland,,
Existing Greggs,Greggs,52.4868264,-1.9130302,England,,
Existing Greggs,Greggs,51.1286471,-3.004441,England,,
Existing Greggs,Greggs,52.5850259,-2.1258956,England,,
Existing Greggs,Greggs,52.5857206,-2.1272324,England,,
Existing Greggs,Greggs,51.5336674,-0.108242,England,,
Existing Greggs,Greggs,50.7204671,-1.8829603,England,,
Existing Greggs,Greggs,52.621785,1.2624682,England,,
Existing Greggs,Greggs,55.9351957,-3.4472068,Scotland,,
Existing Greggs,Greggs,51.3814036,-2.3610381,England,,
Existing Greggs,Greggs,51.5405837,0.1483202,England,,
Existing Greggs,Greggs,51.5389167,0.1270485,England,,
Existing Greggs,Greggs,50.922011,-1.4327241,England,,
Existing Greggs,Greggs,52.9225712,-1.4768089,England,,
Existing Greggs,Greggs,50.7205578,-1.877357,England,,
Existing Greggs,Greggs,51.2171431,-2.332047,England,,
Existing Greggs,Greggs,50.7211327,-1.876325,England,,
Existing Greggs,Greggs,52.9728755,-1.3090679,England,,
Existing Greggs,Greggs,53.4161005,-1.5013634,England,,
Existing Greggs,Greggs,50.9056392,-1.339326,England,,
Existing Greggs,Greggs,51.5432072,-0.0049651,England,,
Existing Greggs,Greggs,51.7599113,-1.2112049,England,,
Existing Greggs,Greggs,52.6572456,1.281974,England,,
Existing Greggs,Greggs,52.2374509,-0.8965196,England,,
Existing Greggs,Greggs,52.6245974,1.2915499,England,,
Existing Greggs,Greggs,52.6651855,1.2796715,England,,
Existing Greggs,Greggs,51.1386025,-2.9968242,England,,
Existing Greggs,Greggs,54.7766836,-1.5751153,England,,
Existing Greggs,Greggs,52.9274817,-1.2149838,England,,
Existing Greggs,Greggs,53.7022286,-1.7801149,England,,
Existing Greggs,Greggs,51.5108829,-0.0852973,England,,
Existing Greggs,Greggs,55.8539718,-4.2115199,Scotland,,
Existing Greggs,Greggs,51.7529728,-0.3375299,England,,
Existing Greggs,Greggs,52.9975448,-0.4096514,England,,
Existing Greggs,Greggs,51.5622045,-1.8167765,England,,
Existing Greggs,Greggs,52.7416561,0.4113123,England,,
Existing Greggs,Greggs,51.7336478,0.4718786,England,,
Existing Greggs,Greggs,52.445448,-1.8592177,England,,
Existing Greggs,Greggs,51.8327176,1.2453751,England,,
Existing Greggs,Greggs,52.4938367,-1.8198986,England,,
Existing Greggs,Greggs,51.608127,-2.5252871,England,,
Existing Greggs,Greggs,53.3790975,-1.4704119,England,,
Existing Greggs,Greggs,54.9923967,-1.6755602,England,,
Existing Greggs,Greggs,53.724454,-1.7136015,England,,
Existing Greggs,Greggs,54.5766211,-1.2827885,England,,
Existing Greggs,Greggs,53.5781413,-0.1073004,England,,
Existing Greggs,Greggs,52.4600934,-1.9462169,England,,
Existing Greggs,Greggs,56.1490055,-3.7408165,Scotland,,
Existing Greggs,Greggs,52.456684,-1.8693335,England,,
Existing Greggs,Greggs,53.0371508,-1.081917,England,,
Existing Greggs,Greggs,51.3784666,-0.1028388,England,,
Existing Greggs,Greggs,51.3751198,-0.1012893,England,,
Existing Greggs,Greggs,51.9478808,-0.2786541,England,,
Existing Greggs,Greggs,55.8976849,-3.5326594,Scotland,,
Existing Greggs,Greggs,51.4965914,-0.1408852,England,,
Existing Greggs,Greggs,51.2012539,-2.3762694,England,,
Existing Greggs,Greggs,53.7397345,-0.3439743,England,,
Existing Greggs,Greggs,51.4926982,-0.2633506,England,,
Existing Greggs,Greggs,53.4064389,-1.4131561,England,,
Existing Greggs,Greggs,55.6358341,-2.6811738,Scotland,,
Existing Greggs,Greggs,51.8737159,-2.2463713,England,,
Existing Greggs,Greggs,52.9247901,-1.2064204,England,,
Existing Greggs,Greggs,52.8587161,-3.055231,England,,
Existing Greggs,Greggs,52.5096809,-1.965257,England,,
Existing Greggs,Greggs,53.4063345,-2.9841017,England,,
Existing Greggs,Greggs,52.9538289,-1.1473514,England,,
Existing Greggs,Greggs,54.6292539,-5.9137282,Northern Ireland,,
Existing Greggs,Greggs,52.4135866,-1.4995087,England,,
Existing Greggs,Greggs Outlet,52.4523492,-1.7831303,England,,
Existing Greggs,Greggs,53.4444771,-1.3465951,England,,
Existing Greggs,Greggs,50.9139713,-1.3031171,England,,
Existing Greggs,Greggs,52.4672899,-1.8085509,England,,
Existing Greggs,Greggs,53.7603791,-2.7006231,England,,
Existing Greggs,Greggs,55.169916,-1.5557545,England,,
Existing Greggs,Greggs,52.4623933,-1.8140449,England,,
Existing Greggs,Greggs,51.5944051,-0.3349203,England,,
Existing Greggs,Greggs,53.1414683,-0.8058631,England,,
Existing Greggs,Greggs,51.5530991,-0.2957078,England,,
Existing Greggs,Greggs,53.0580081,-2.2078536,England,,
Existing Greggs,Greggs,51.4566198,-2.6063243,England,,
Existing Greggs,Greggs,52.5856368,-1.9842585,England,,
Existing Greggs,Greggs,55.900908,-3.6410641,Scotland,,
Existing Greggs,Greggs,53.2350679,-1.4400314,England,,
Existing Greggs,Greggs,53.8164845,-1.7735479,England,,
Existing Greggs,Greggs,51.8640973,-0.410198,England,,
Existing Greggs,Greggs,51.0158839,-3.1035294,England,,
Existing Greggs,Greggs,53.5251402,-1.6306066,England,,
Existing Greggs,Greggs,51.5165316,-0.1193677,England,,
Existing Greggs,Greggs,51.5036989,-2.60229,England,,
Existing Greggs,Greggs,51.8479935,-2.1715562,England,,
Existing Greggs,Greggs,52.2854556,-1.9051118,England,,
Existing Greggs,Greggs,51.4539621,-2.5980833,England,,
Existing Greggs,Greggs,51.5497504,-0.1411633,England,,
Existing Greggs,Greggs,51.0680634,-1.7955636,England,,
Existing Greggs,Greggs,52.0923588,-1.9465696,England,,
Existing Greggs,Greggs,52.5505277,-1.8589207,England,,
Existing Greggs,Greggs,51.386793,0.547627,England,,
Existing Greggs,Greggs,51.5227149,-0.1367473,England,,
Existing Greggs,Greggs,51.7571334,-0.5527666,England,,
Existing Greggs,Greggs,55.9383316,-3.3148749,Scotland,,
Existing Greggs,Greggs,52.9212641,-1.5060197,England,,
Existing Greggs,Greggs,52.6601924,-3.147995,Wales,,
Existing Greggs,Greggs,50.8528098,-1.1800344,England,,
Existing Greggs,Greggs,53.4251067,-2.3228611,England,,
Existing Greggs,Greggs,52.8967035,-1.2694422,England,,
Existing Greggs,Greggs,54.281968,-0.4010288,England,,
Existing Greggs,Greggs,52.3944461,-1.5066293,England,,
Existing Greggs,Greggs,53.1449943,-1.1972267,England,,
Existing Greggs,Greggs,51.5378053,0.0789596,England,,
Existing Greggs,Greggs,51.716006,0.4749572,England,,
Existing Greggs,Greggs,52.5773068,-1.5472018,England,,
Existing Greggs,Greggs,51.5588379,0.2505622,England,,
Existing Greggs,Greggs,52.2413889,-3.3790723,Wales,,
Existing Greggs,Greggs,53.553701,-1.4785809,England,,
Existing Greggs,Greggs,53.5526401,-1.4796793,England,,
Existing Greggs,Greggs,53.5526418,-1.4817424,England,,
Existing Greggs,Greggs,52.8887123,-1.2651727,England,,
Existing Greggs,Greggs,51.4623485,-0.1145217,England,,
Existing Greggs,Greggs,51.5483284,-0.075576,England,,
Existing Greggs,Greggs,52.9968815,-1.2560178,England,,
Existing Greggs,Greggs,51.2808487,-0.842226,England,,
Existing Greggs,Greggs,53.2622917,-2.5124375,England,,
Existing Greggs,Greggs,54.8250292,-3.1612339,England,,
Existing Greggs,Greggs,53.0179062,-1.3044742,England,,
Existing Greggs,Greggs,51.5997386,-1.1243215,England,,
Existing Greggs,Greggs,53.6849849,-1.4968701,England,,
Existing Greggs,Greggs,55.0211609,-1.5900591,England,,
Existing Greggs,Greggs,55.0209208,-1.580814,England,,
Existing Greggs,Greggs,54.8792977,-2.9092665,England,,
Existing Greggs,Greggs,52.5037387,-1.9353322,England,,
Existing Greggs,Greggs,53.7956527,-1.5443187,England,,
Existing Greggs,Greggs,53.726146,-1.3527802,England,,
Existing Greggs,Greggs,51.5094817,-2.620279,England,,
Existing Greggs,Greggs,53.0383678,-1.203064,England,,
Existing Greggs,Greggs,52.3176273,-2.0616241,England,,
Existing Greggs,Greggs,51.4341953,-0.5113163,England,,
Existing Greggs,Greggs,51.4196945,-0.420024,England,,
Existing Greggs,Greggs,51.6775628,-0.6062429,England,,
Existing Greggs,Greggs,53.0406373,-2.2143578,England,,
Existing Greggs,Greggs,52.9656193,-1.1111894,England,,
Existing Greggs,Greggs,53.5920226,-0.6451961,England,,
Existing Greggs,Greggs,51.5353339,-2.5492279,England,,
Existing Greggs,Greggs,53.0022017,-1.1286729,England,,
Existing Greggs,Greggs,50.7184877,-1.9819752,England,,
Existing Greggs,Greggs,53.5615864,-1.4718989,England,,
Existing Greggs,Greggs,52.6951223,-2.4518598,England,,
Existing Greggs,Greggs,50.9061672,-1.4047292,England,,
Existing Greggs,Greggs,53.1196066,-3.3116674,Wales,,
Existing Greggs,Greggs,51.9411891,1.2580419,England,,
Existing Greggs,Greggs,52.2279132,-0.2709054,England,,
Existing Greggs,Greggs,54.9702366,-2.1009687,England,,
Existing Greggs,Greggs,52.6070201,1.2881257,England,,
Existing Greggs,Greggs,52.4373372,-1.8465939,England,,
Existing Greggs,Greggs,52.4783203,-1.8992545,England,,
Existing Greggs,Greggs,51.5486329,-0.0553296,England,,
Existing Greggs,Greggs,54.7763094,-1.5793353,England,,
Existing Greggs,Greggs,53.3409496,-2.9771507,England,,
Existing Greggs,Greggs,52.6808643,0.9412346,England,,
Existing Greggs,Greggs,51.4420013,-2.5975014,England,,
Existing Greggs,Greggs,53.3282895,-0.9589489,England,,
Existing Greggs,Greggs,52.4119427,-0.7392074,England,,
Existing Greggs,Greggs,54.156532,-3.1810241,England,,
Existing Greggs,Greggs,52.638421,1.2822707,England,,
Existing Greggs,Greggs,55.6119311,-4.6744878,Scotland,,
Existing Greggs,Greggs,51.3857077,-0.4203049,England,,
Existing Greggs,Greggs,50.8844947,-1.2452946,England,,
Existing Greggs,Greggs,51.9049316,-0.5197116,England,,
Existing Greggs,Greggs,54.6004252,-3.1357041,England,,
Existing Greggs,Greggs,52.633455,-1.6951158,England,,
Existing Greggs,Greggs,52.4792907,-1.9018369,England,,
Existing Greggs,Greggs,51.4803635,-2.5294463,England,,
Existing Greggs,Greggs,51.1859245,-0.610624,England,,
Existing Greggs,Greggs,52.3998588,-1.5310627,England,,
Existing Greggs,Greggs,52.6661054,0.1614106,England,,
Existing Greggs,Greggs,54.378447,-2.9055117,England,,
Existing Greggs,Greggs,52.9522097,-0.9532695,England,,
Existing Greggs,Greggs,54.9777503,-1.5777255,England,,
Existing Greggs,Greggs,51.5318579,-0.1246818,England,,
Existing Greggs,Greggs,51.5191132,-0.0609479,England,,
Existing Greggs,Greggs,56.0369619,-3.4264124,Scotland,,
Existing Greggs,Greggs,50.9782214,-3.2281737,England,,
Existing Greggs,Greggs,54.6641574,-2.7527637,England,,
Existing Greggs,Greggs,51.46223,-0.3026083,England,,
Existing Greggs,Greggs,52.9745908,-1.1877997,England,,
Existing Greggs,Greggs,52.7374128,-2.7262869,England,,
Existing Greggs,Greggs,53.7812703,-2.2751132,England,,
Existing Greggs,Greggs,51.8883743,0.902555,England,,
Existing Greggs,Greggs,50.7146254,-2.4370519,England,,
Existing Greggs,Greggs,51.4358828,-2.8525999,England,,
Existing Greggs,Greggs,51.9026404,-2.1149864,England,,
Existing Greggs,Greggs,51.5027215,-2.5793189,England,,
Existing Greggs,Greggs,52.3982496,-1.4335913,England,,
Existing Greggs,Greggs,53.7001161,-1.4185264,England,,
Existing Greggs,Greggs,52.5150694,-3.3154916,Wales,,
Existing Greggs,Greggs,53.7719319,-2.7236179,England,,
Existing Greggs,Greggs,51.4193756,-1.7331278,England,,
Existing Greggs,Greggs,51.4584753,-2.5870267,England,,
Existing Greggs,Greggs,52.0395062,-2.693552,England,,
Existing Greggs,Greggs,52.6370285,-1.1315848,England,,
Existing Greggs,Greggs,52.4879217,-0.7014586,England,,
Existing Greggs,Greggs,51.5883056,-1.4268878,England,,
Existing Greggs,Greggs,53.4151887,-1.4113141,England,,
Existing Greggs,Greggs,53.4129756,-1.4124648,England,,
Existing Greggs,Greggs,51.8890085,0.897979,England,,
Existing Greggs,Greggs,51.1484251,-0.9762883,England,,
Existing Greggs,Greggs,51.3768273,-2.3780823,England,,
Existing Greggs,Greggs,54.296291,-2.759874,England,,
Existing Greggs,Greggs,51.6474421,-0.4263868,England,,
Existing Greggs,Greggs,51.5701094,0.4573601,England,,
Existing Greggs,Greggs,52.6656067,-1.1660684,England,,
Existing Greggs,Greggs,51.4157155,-2.4987139,England,,
Existing Greggs,Greggs,51.9496991,-1.1978642,England,,
Existing Greggs,Greggs,53.3609434,-2.7401178,England,,
Existing Greggs,Greggs,51.5804726,-1.7194742,England,,
Existing Greggs,Greggs,52.6902173,-2.7221458,England,,
Existing Greggs,Greggs,53.3208209,-3.4897618,Wales,,
Existing Greggs,Greggs,53.3148328,-3.5042409,Wales,,
Existing Greggs,Greggs,53.8044971,-1.6230822,England,,
Existing Greggs,Greggs,54.7761011,-1.5410064,England,,
Existing Greggs,Greggs,52.3879019,-1.5547766,England,,
Existing Greggs,Greggs,51.7453596,-2.215775,England,,
Existing Greggs,Greggs,51.9179983,-2.1031155,England,,
Existing Greggs,Greggs,51.513947,-0.0941619,England,,
Existing Greggs,Greggs,51.458882,-2.5926056,England,,
Existing Greggs,Greggs,51.4263196,0.1034568,England,,
Existing Greggs,Greggs,51.8930139,0.89066,England,,
Existing Greggs,Greggs,52.0842911,-4.6607297,Wales,,
Existing Greggs,Greggs,51.5737329,-3.2204545,Wales,,
Existing Greggs,Greggs,53.7793172,-1.5823203,England,,
Existing Greggs,Greggs,52.4035143,-1.5577829,England,,
Existing Greggs,Greggs,52.7734266,-1.5567941,England,,
Existing Greggs,Greggs,54.4435802,-1.6670791,England,,
Existing Greggs,Greggs,51.6196048,-3.9444095,Wales,,
Existing Greggs,Greggs,55.9331249,-3.1344662,Scotland,,
Existing Greggs,Greggs,53.7483965,-1.4774715,England,,
Existing Greggs,Greggs,56.0008244,-3.888085,Scotland,,
Existing Greggs,Greggs,51.2887015,1.0969047,England,,
Existing Greggs,Greggs,51.4812592,-2.5053905,England,,
Existing Greggs,Greggs,53.7787105,-1.5289038,England,,
Existing Greggs,Greggs,53.72246,-1.8603037,England,,
Existing Greggs,Greggs,50.7471996,-1.6645191,England,,
Existing Greggs,Greggs,53.4209834,-1.2836635,England,,
Existing Greggs,Greggs,50.768672,0.284939,England,,
Existing Greggs,Greggs,51.477103,0.32275,England,,
Existing Greggs,Greggs,53.5845955,-2.5374906,England,,
Existing Greggs,Greggs,52.2165296,-0.8704295,England,,
Existing Greggs,Greggs,52.037032,-2.4225095,England,,
Existing Greggs,Greggs,51.818455,1.167053,England,,
Existing Greggs,Greggs,51.6204132,-0.7845808,England,,
Existing Greggs,Greggs,57.1297513,-2.0917272,Scotland,,
Existing Greggs,Greggs,51.8779891,0.845358,England,,
Existing Greggs,Greggs,51.4343856,-0.5293058,England,,
Existing Greggs,Greggs,50.9964767,-0.1013123,England,,
Existing Greggs,Greggs,53.3355158,-3.40322,Wales,,
Existing Greggs,Greggs,53.4245756,-2.9794125,England,,
Existing Greggs,Greggs,51.9029961,0.9291816,England,,
Existing Greggs,Greggs,53.3281199,-2.6975092,England,,
Existing Greggs,Greggs,51.4831112,-2.769267,England,,
Existing Greggs,Greggs,52.8610884,-1.4361588,England,,
Existing Greggs,Greggs,53.8400538,-2.3963684,England,,
Existing Greggs,Greggs,51.4327774,-2.7591291,England,,
Existing Greggs,Greggs,53.8162969,-1.4691388,England,,
Existing Greggs,Greggs,51.6240738,0.4159345,England,,
Existing Greggs,Greggs,51.4465732,-0.3285357,England,,
Existing Greggs,Greggs,51.9953576,-2.1560029,England,,
Existing Greggs,Greggs,52.7542043,-1.1982907,England,,
Existing Greggs,Greggs,51.5097546,0.2821911,England,,
Existing Greggs,Greggs,52.5431899,-0.3022514,England,,
Existing Greggs,Greggs,53.9590135,-1.0709603,England,,
Existing Greggs,Greggs,52.5412979,-0.2617792,England,,
Existing Greggs,Greggs,52.0478246,1.1818646,England,,
Existing Greggs,Greggs,52.5157607,-3.3049595,Wales,,
Existing Greggs,Greggs,52.5502756,-0.2116068,England,,
Existing Greggs,Greggs,52.3124205,-1.888407,England,,
Existing Greggs,Greggs,52.5110265,-2.0811867,England,,
Existing Greggs,Greggs,52.6374807,-1.1327391,England,,
Existing Greggs,Greggs,51.5400741,-2.4119069,England,,
Existing Greggs,Greggs,51.4047377,-2.598187,England,,
Existing Greggs,Greggs,52.4227422,0.7272597,England,,
Existing Greggs,Greggs,53.794995,-0.3498381,England,,
Existing Greggs,Greggs,53.7679283,-0.3348532,England,,
Existing Greggs,Greggs,54.6614003,-5.6682617,Northern Ireland,,
Existing Greggs,Greggs,51.4480767,-2.5612001,England,,
Existing Greggs,Greggs,51.5015346,-2.6585631,England,,
Existing Greggs,Greggs,51.0620159,-1.3127263,England,,
Existing Greggs,Greggs,51.6310799,0.0029452,England,,
Existing Greggs,Greggs,52.0616636,1.2791029,England,,
Existing Greggs,Greggs,52.4064298,0.7279083,England,,
Existing Greggs,Greggs,52.4675277,-1.7215646,England,,
Existing Greggs,Greggs,52.2494568,0.3623119,England,,
Existing Greggs,Greggs,52.6533682,1.1799058,England,,
Existing Greggs,Greggs,53.7977354,-1.3771146,England,,
Existing Greggs,Greggs,52.7647204,-0.8867535,England,,
Existing Greggs,Greggs,53.0938024,-2.4144436,England,,
Existing Greggs,Greggs,51.2661121,-1.0874944,England,,
Existing Greggs,Greggs,53.22716,-0.5415967,England,,
Existing Greggs,Greggs,53.2358267,-0.5385661,England,,
Existing Greggs,Greggs,51.3420059,-0.8294107,England,,
Existing Greggs,Greggs,53.6966324,-1.5072854,England,,
Existing Greggs,Greggs,51.7864206,-1.4860114,England,,
Existing Greggs,Greggs,53.229716,-0.5399734,England,,
Existing Greggs,Greggs,53.191906,-2.5283794,England,,
Existing Greggs,Greggs,53.1572604,-1.1871567,England,,
Existing Greggs,Greggs,50.7582717,-1.5412694,England,,
Existing Greggs,Greggs,53.9881391,-1.0440384,England,,
Existing Greggs,Greggs,51.6179279,-3.9462016,Wales,,
Existing Greggs,Greggs,55.0787907,-3.6225533,Scotland,,
Existing Greggs,Greggs,51.2734306,-1.1055875,England,,
Existing Greggs,Greggs,51.6360613,-3.9704588,Wales,,
Existing Greggs,Greggs,51.4466436,-0.4099819,England,,
Existing Greggs,Greggs,51.6070447,-1.2394759,England,,
Existing Greggs,Greggs,52.0437183,0.9542104,England,,
Existing Greggs,Greggs,51.4536255,-0.4295133,England,,
Existing Greggs,Greggs,51.2774449,1.0821166,England,,
Existing Greggs,Greggs,51.5021835,-2.6828379,England,,
Existing Greggs,Greggs,56.4811758,-3.0154952,Scotland,,
Existing Greggs,Greggs,51.4509023,-0.3575945,England,,
Existing Greggs,Greggs,53.4779866,-1.0785807,England,,
Existing Greggs,Greggs,53.3242141,-3.8291163,Wales,,
Existing Greggs,Greggs,51.6285838,-0.3864411,England,,
Existing Greggs,Greggs,53.088529,-2.4305734,England,,
Existing Greggs,Greggs,52.3404533,-0.1863208,England,,
Existing Greggs,Greggs,51.6432814,0.0868133,England,,
Existing Greggs,Greggs,53.0992783,-2.4414267,England,,
Existing Greggs,Greggs,51.2122303,-1.455038,England,,
Existing Greggs,Greggs Outlet,50.8968514,-1.3796286,England,,
Existing Greggs,Greggs,52.8021346,-1.6318996,England,,
Existing Greggs,Greggs,51.4444456,0.218152,England,,
Existing Greggs,Greggs,51.5170477,-0.0834427,England,,
Existing Greggs,Greggs,51.5170272,-0.0806449,England,,
Existing Greggs,Greggs,54.55586,-1.2757268,England,,
Existing Greggs,Greggs,52.5875337,-1.9837246,England,,
Existing Greggs,Greggs,54.566932,-0.9614091,England,,
Existing Greggs,Greggs,54.7595292,-1.3340391,England,,
Existing Greggs,Greggs,55.8433668,-4.2536873,Scotland,,
Existing Greggs,Greggs,53.3669742,-1.4395145,England,,
Existing Greggs,Greggs Outlet,51.5337956,0.011242,England,,
Existing Greggs,Greggs,52.2603079,-3.4980581,Wales,,
Existing Greggs,Greggs,53.6176837,-2.1537823,England,,
Existing Greggs,Greggs,53.7249632,-1.3574686,England,,
Existing Greggs,Greggs,51.5126547,-0.0153638,England,,
Existing Greggs,Greggs,51.6571122,-0.0475798,England,,
Existing Greggs,Greggs,52.7540539,0.3950777,England,,
Existing Greggs,Greggs,52.7544324,0.3978339,England,,
Existing Greggs,Greggs,51.6862288,-0.0334863,England,,
Existing Greggs,Greggs,53.3551508,-1.3292184,England,,
Existing Greggs,Greggs,50.3716499,-4.1432148,England,,
Existing Greggs,Greggs,55.8442841,-4.4235335,Scotland,,
Existing Greggs,Greggs,51.3599813,1.3937733,England,,
Existing Greggs,Greggs,53.8417474,-2.2168893,England,,
Existing Greggs,Greggs,53.6916104,-1.3110415,England,,
Existing Greggs,Greggs,51.9783329,-0.2281315,England,,
Existing Greggs,Greggs,52.4635432,-1.9968282,England,,
Existing Greggs,Greggs,53.7083941,-1.2550196,England,,
Existing Greggs,Greggs,51.7967924,-0.0774531,England,,
Existing Greggs,Greggs,53.8068125,-1.4504632,England,,
Existing Greggs,Greggs,51.3522796,-1.995004,England,,
Existing Greggs,Greggs,50.8676024,-0.9842617,England,,
Existing Greggs,Greggs,50.9550393,-0.1310789,England,,
Existing Greggs,Greggs,54.7628776,-1.3691651,England,,
Existing Greggs,Greggs,53.0470046,-2.9965151,Wales,,
Existing Greggs,Greggs,51.6172877,-0.0184144,England,,
Existing Greggs,Greggs,51.8578859,-2.221166,England,,
Existing Greggs,Greggs,51.6584479,-3.9085425,Wales,,
Existing Greggs,Greggs,52.1335369,-2.3031229,England,,
Existing Greggs,Greggs,52.5971923,-1.1812658,England,,
Existing Greggs,Greggs,50.7419138,-1.8788181,England,,
Existing Greggs,Greggs,51.4494353,-0.2417898,England,,
Existing Greggs,Greggs,51.4812579,-0.6111112,England,,
Existing Greggs,Greggs,52.0612282,-1.3367113,England,,
Existing Greggs,Greggs,52.0765239,-1.3171342,England,,
Existing Greggs,Greggs,55.7836382,-4.1662429,Scotland,,
Existing Greggs,Greggs,52.9550912,-0.030594,England,,
Existing Greggs,Greggs,51.4063309,-3.2656775,Wales,,
Existing Greggs,Greggs,51.1607795,0.5519458,England,,
Existing Greggs,Greggs Outlet,51.4051633,-3.2694579,Wales,,
Existing Greggs,Greggs,53.3660943,-0.00426,England,,
Existing Greggs,Greggs,51.1651192,-2.9904904,England,,
Existing Greggs,Greggs,51.4446313,-0.2059814,England,,
Existing Greggs,Greggs,54.4852547,-0.6157698,England,,
Existing Greggs,Greggs,51.9150637,-2.5832371,England,,
Existing Greggs,Greggs,53.5397871,-1.4311665,England,,
Existing Greggs,Greggs,53.4539479,-2.7210596,England,,
Existing Greggs,Greggs,51.456455,0.1445433,England,,
Existing Greggs,Greggs,52.5509926,0.0885825,England,,
Existing Greggs,Greggs,53.384426,-1.4424007,England,,
Existing Greggs,Greggs,52.2796982,-1.5492125,England,,
Existing Greggs,Greggs,53.8750139,-1.9055768,England,,
Existing Greggs,Greggs,53.5948161,-1.2901687,England,,
Existing Greggs,Greggs,52.4596788,-2.1468372,England,,
Existing Greggs,Greggs,53.3901491,-2.5951628,England,,
Existing Greggs,Greggs,52.7961329,-2.1020566,England,,
Existing Greggs,Greggs,50.8502326,0.521219,England,,
Existing Greggs,Greggs,52.457037,-1.7960944,England,,
Existing Greggs,Greggs,51.7968673,-4.0805383,Wales,,
Existing Greggs,Greggs,50.8120135,-0.3701032,England,,
Existing Greggs,Greggs,56.0812478,-3.4048955,Scotland,,
Existing Greggs,Greggs,53.0819134,-2.2612647,England,,
Existing Greggs,Greggs,52.0331959,1.2017366,England,,
Existing Greggs,Greggs,52.3631275,-2.2662614,England,,
Existing Greggs,Greggs,53.3764719,-1.4729242,England,,
Existing Greggs,Greggs,51.4618471,-0.2163386,England,,
Existing Greggs,Greggs,51.4036689,0.1061263,England,,
Existing Greggs,Greggs,53.32168,-0.9425854,England,,
Existing Greggs,Greggs,52.5350086,-2.4198246,England,,
Existing Greggs,Greggs,53.0499359,-1.4053523,England,,
Existing Greggs,Greggs,53.0870554,-1.3757528,England,,
Existing Greggs,Greggs,53.5439972,-2.6537468,England,,
Existing Greggs,Greggs,51.8887209,0.8259098,England,,
Existing Greggs,Greggs,53.3834575,-1.4663244,England,,
Existing Greggs,Greggs,50.2630004,-5.0524929,England,,
Existing Greggs,Greggs,53.328197,-1.4671984,England,,
Existing Greggs,Greggs,53.3457712,-1.3553849,England,,
Existing Greggs,Greggs,50.7903938,0.0046746,England,,
Existing Greggs,Greggs,53.3761068,-1.3946439,England,,
Existing Greggs,Greggs,53.4832277,-1.5893491,England,,
Existing Greggs,Greggs,52.9833792,-3.0455208,Wales,,
Existing Greggs,Greggs,53.3822838,-1.4688687,England,,
Existing Greggs,Greggs,53.3413311,-1.3525436,England,,
Existing Greggs,Greggs,52.7675909,-1.5322621,England,,
Existing Greggs,Greggs,53.4315858,-1.3553506,England,,
Existing Greggs,Greggs,51.4310426,-0.3067969,England,,
Existing Greggs,Greggs,53.5427672,-1.1036317,England,,
Existing Greggs,Greggs,54.5652947,-1.3145328,England,,
Existing Greggs,Greggs,55.9026663,-4.3772775,Scotland,,
Existing Greggs,Greggs,53.4752965,-3.0245637,England,,
Existing Greggs,Greggs,54.9071323,-1.503684,England,,
Existing Greggs,Greggs,54.5716601,-1.2528595,England,,
Existing Greggs,Greggs,54.6030622,-7.3053729,Northern Ireland,,
Existing Greggs,Greggs,51.3761167,0.0992689,England,,
Existing Greggs,Greggs,51.4234396,-1.036829,England,,
Existing Greggs,Greggs,50.9868397,0.9430279,England,,
Existing Greggs,Greggs,51.4149853,-0.0523692,England,,
Existing Greggs,Greggs,50.7288547,-1.9362488,England,,
Existing Greggs,Greggs,51.7966262,-3.1760789,Wales,,
Existing Greggs,Greggs,52.4757569,1.751764,England,,
Existing Greggs,Greggs,51.7069046,-1.9601521,England,,
Existing Greggs,Greggs,52.5359862,-1.4164882,England,,
Existing Greggs,Greggs,53.7129924,-1.3379771,England,,
Existing Greggs,Greggs,51.4503057,0.1823288,England,,
Existing Greggs,Greggs,54.8719356,-1.6955389,England,,
Existing Greggs,Greggs,55.881281,-3.0873234,Scotland,,
Existing Greggs,Greggs,53.4331867,-1.3562734,England,,
Existing Greggs,Greggs,51.8382833,-2.2709043,England,,
Existing Greggs,Greggs,50.6148247,-2.4974212,England,,
Existing Greggs,Greggs,51.7718664,0.4885101,England,,
Existing Greggs,Greggs,53.8177595,-3.0526509,England,,
Existing Greggs,Greggs,50.806435,-0.6691483,England,,
Existing Greggs,Greggs,50.8214297,-1.0525901,England,,
Existing Greggs,Greggs,53.7944029,-1.7534409,England,,
Existing Greggs,Greggs,53.7449765,-0.3417088,England,,
Existing Greggs,Greggs,53.745939,-0.3428474,England,,
Existing Greggs,Greggs,55.7833171,-2.0194129,England,,
Existing Greggs,Greggs,55.1094642,-1.5013055,England,,
Existing Greggs,Greggs,53.4056421,-2.9880666,England,,
Existing Greggs,Greggs,53.7845842,-1.7205864,England,,
Existing Greggs,Greggs,51.2487136,-0.7639738,England,,
Existing Greggs,Greggs,51.8172737,-4.5063997,Wales,,
Existing Greggs,Greggs,53.3677505,-2.72637,England,,
Existing Greggs,Greggs,53.3804116,-2.2624217,England,,
Existing Greggs,Greggs,52.42899,-2.0171091,England,,
Existing Greggs,Greggs,51.6793338,-3.9953793,Wales,,
Existing Greggs,Greggs,50.6096888,-2.453901,England,,
Existing Greggs,Greggs,51.7068327,-1.960062,England,,
Existing Greggs,Greggs,53.3909939,-2.5896837,England,,
Existing Greggs,Greggs,50.7351283,-1.992685,England,,
Existing Greggs,Greggs,55.8532165,-4.1989029,Scotland,,
Existing Greggs,Greggs,52.6086122,-1.930338,England,,
Existing Greggs,Greggs,53.3048764,-1.1247006,England,,
Existing Greggs,Greggs,53.3043907,-1.124192,England,,
Existing Greggs,Greggs,54.6745263,-5.9860766,Northern Ireland,,
Existing Greggs,Greggs,51.8876587,-0.504149,England,,
Existing Greggs,Greggs,54.8773537,-1.3598038,England,,
Existing Greggs,Greggs,50.39373,-4.089714,England,,
Existing Greggs,Greggs,53.4816395,-2.9520795,England,,
Existing Greggs,Greggs,51.9241281,0.8991111,England,,
Existing Greggs,Greggs,54.1919399,-3.1026185,England,,
Existing Greggs,Greggs,53.4187785,-1.4473731,England,,
Existing Greggs,Greggs,56.4743365,-3.0043176,Scotland,,
Existing Greggs,Greggs,51.444425,-1.0199877,England,,
Existing Greggs,Greggs,51.353447,0.7409436,England,,
Existing Greggs,Greggs,51.7679702,-1.5812749,England,,
Existing Greggs,Greggs,53.3897999,-3.0244878,England,,
Existing Greggs,Greggs,53.1273652,-1.1482007,England,,
Existing Greggs,Greggs,52.6073081,-1.6744243,England,,
Existing Greggs,Greggs,57.1483491,-2.2671255,Scotland,,
Existing Greggs,Greggs,51.5177349,-0.6297554,England,,
Existing Greggs,Greggs,51.7909216,1.1474225,England,,
Existing Greggs,Greggs,56.4671989,-2.8738811,Scotland,,
Existing Greggs,Greggs,52.6263962,-1.6987062,England,,
Existing Greggs,Greggs,53.1415684,-1.1967058,England,,
Existing Greggs,Greggs,55.040089,-1.5957761,England,,
Existing Greggs,Greggs,52.9948907,-2.2086068,England,,
Existing Greggs,Greggs,52.477614,-1.89363,England,,
Existing Greggs,Greggs,53.4934892,-1.2892616,England,,
Existing Greggs,Greggs,52.5526017,-2.0200993,England,,
Existing Greggs,Greggs,51.7501431,-3.3952056,Wales,,
Existing Greggs,Greggs,50.7695358,0.2847379,England,,
Existing Greggs,Greggs,53.6817878,-1.5478285,England,,
Existing Greggs,Greggs,52.5210128,-2.0531473,England,,
Existing Greggs,Greggs,50.8797404,-1.0312607,England,,
Existing Greggs,Greggs,50.8221286,-0.9822812,England,,
Existing Greggs,Greggs,53.4419737,-2.9301047,England,,
Existing Greggs,Greggs,52.5202405,-1.9911493,England,,
Existing Greggs,Greggs,54.5706121,-1.2131893,England,,
Existing Greggs,Greggs,54.5791655,-1.1812224,England,,
Existing Greggs,Greggs,51.6212629,0.3048814,England,,
Existing Greggs,Greggs,52.4475812,-1.8877132,England,,
Existing Greggs,Greggs,51.5053996,-2.4879057,England,,
Existing Greggs,Greggs,54.3400351,-2.7341518,England,,
Existing Greggs,Greggs,52.4491959,-1.9126104,England,,
Existing Greggs,Greggs,51.6068282,-0.5577299,England,,
Existing Greggs,Greggs,51.3920023,-0.6331616,England,,
Existing Greggs,Greggs,55.8507314,-4.419828,Scotland,,
Existing Greggs,Greggs,51.2081947,-1.4792056,England,,
Existing Greggs,Greggs,50.7123084,-2.5383377,England,,
Existing Greggs,Greggs,51.6198179,0.3008517,England,,
Existing Greggs,Greggs,56.547587,-2.6160849,Scotland,,
Existing Greggs,Greggs,52.3665861,-0.7031351,England,,
Existing Greggs,Greggs,51.5911951,0.4810547,England,,
Existing Greggs,Greggs,53.4924503,-3.025748,England,,
Existing Greggs,Greggs,55.1830664,-1.5709139,England,,
Existing Greggs,Greggs,52.5239125,-1.467632,England,,
Existing Greggs,Greggs,52.9050609,-1.4627158,England,,
Existing Greggs,Greggs,55.8551262,-4.3313219,Scotland,,
Existing Greggs,Greggs Outlet,53.790931,-1.7624169,England,,
Existing Greggs,Greggs,55.9436224,-4.7450036,Scotland,,
Existing Greggs,Greggs,53.5420626,-2.4519391,England,,
Existing Greggs,Greggs,52.5194901,-1.8017427,England,,
Existing Greggs,Greggs,52.5991712,-1.0839417,England,,
Existing Greggs,Greggs,51.2302363,-2.9598208,England,,
Existing Greggs,Greggs,54.7982054,-2.8714534,England,,
Existing Greggs,Greggs,53.4465534,-1.4648802,England,,
Existing Greggs,Greggs,51.1657233,-2.9888275,England,,
Existing Greggs,Greggs,53.6746105,-1.3604329,England,,
Existing Greggs,Greggs,51.104933,-2.996208,England,,
Existing Greggs,Greggs,51.5224848,-2.6022094,England,,
Existing Greggs,Greggs,51.1773312,-1.7604064,England,,
Existing Greggs,Greggs,51.5328434,-3.5778223,Wales,,
Existing Greggs,Greggs,51.5633301,-1.7981379,England,,
Existing Greggs,Greggs,51.9481816,-3.3898731,Wales,,
Existing Greggs,Greggs,51.5708298,-3.2421922,Wales,,
Existing Greggs,Greggs,51.523131,-3.1394766,Wales,,
Existing Greggs,Greggs,52.0771971,-1.9362254,England,,
Existing Greggs,Greggs,52.5031335,-2.020529,England,,
Existing Greggs,Greggs,51.5469062,-1.8519516,England,,
Existing Greggs,Greggs,52.2437637,-0.8096994,England,,
Existing Greggs,Greggs,56.1151148,-3.771381,Scotland,,
Existing Greggs,Greggs,51.0072281,-0.1981164,England,,
Existing Greggs,Greggs,54.6555691,-5.9189268,Northern Ireland,,
Existing Greggs,Greggs,51.5620378,-1.7841569,England,,
Existing Greggs,Greggs,51.5604578,-1.7844558,England,,
Existing Greggs,Greggs,51.1026482,-3.0006838,England,,
Existing Greggs,Greggs,53.8588583,-2.1714056,England,,
Existing Greggs,Greggs,52.3419679,-1.5781357,England,,
Existing Greggs,Greggs,54.7492765,-1.3582171,England,,
Existing Greggs,Greggs,53.0017111,-2.2712658,England,,
Existing Greggs,Greggs,54.6206334,-1.5712951,England,,
Existing Greggs,Greggs,55.9214629,-4.2075924,Scotland,,
Existing Greggs,Greggs,51.085625,-4.0771099,England,,
Existing Greggs,Greggs,52.6734072,-2.0224478,England,,
Existing Greggs,Greggs,52.6278517,1.2944469,England,,
Existing Greggs,Greggs,53.6829534,-1.5057732,England,,
Existing Greggs,Greggs,53.4512479,-2.7422587,England,,
Existing Greggs,Greggs,54.7263621,-1.5278156,England,,
Existing Greggs,Greggs,55.0065237,-1.7126579,England,,
Existing Greggs,Greggs,52.9909062,-2.1418887,England,,
Existing Greggs,Greggs,50.3706102,-4.1411627,England,,
Existing Greggs,Greggs,52.9900229,-2.2236417,England,,
Top 20 Candidate Market,East Riding of Yorkshire | East Riding of Yorkshire 025C,53.775432,-0.421173,England,1,Priority
Top 20 Candidate Market,Castle Point | Castle Point 005D,51.565201,0.615811,England,2,Priority
Top 20 Candidate Market,Welwyn Hatfield | Welwyn Hatfield 010D,51.757981,-0.24646200000000001,England,3,Priority
Top 20 Candidate Market,Wyre | Wyre 012C,53.868107,-3.0013005,England,4,Priority
Top 20 Candidate Market,Stoke-on-Trent | Stoke-on-Trent 012E,53.040276,-2.137601,England,5,Priority
Top 20 Candidate Market,Wigan | Wigan 035A,53.495182,-2.611853,England,6,Priority
Top 20 Candidate Market,Plymouth | Plymouth 002C,50.428779,-4.140071,England,7,Priority
Top 20 Candidate Market,Reigate and Banstead | Reigate and Banstead 018D,51.165561,-0.16392,England,8,Priority
Top 20 Candidate Market,Walsall | Walsall 001B,52.656546,-1.937653,England,9,Priority
Top 20 Candidate Market,North Kesteven | North Kesteven 014D,53.1876285,-0.5856465,England,10,Priority
Top 20 Candidate Market,Wirral | Wirral 034C,53.35241,-3.092353,England,11,Priority
Top 20 Candidate Market,Central Bedfordshire | Central Bedfordshire 021B,51.918994,-0.654491,England,12,Priority
Top 20 Candidate Market,Cornwall | Cornwall 051D,50.225174,-5.27027,England,13,Priority
Top 20 Candidate Market,West Lancashire | West Lancashire 015A,53.540448,-2.731083,England,14,Priority
Top 20 Candidate Market,Croydon | Croydon 041A,51.314287,-0.133187,England,15,Priority
Top 20 Candidate Market,Isle of Wight | Isle of Wight 008E,50.706863,-1.294837,England,16,Priority
Top 20 Candidate Market,Blaby | Blaby 003C,52.635536,-1.229533,England,17,Priority
Top 20 Candidate Market,Cornwall | Cornwall 036B,50.347721,-4.768459,England,18,Priority
Top 20 Candidate Market,Buckinghamshire | Buckinghamshire 067A,51.545283,-0.523749,England,19,Priority
Top 20 Candidate Market,Canterbury | Canterbury 004B,51.359214,1.0994,England,20,Priority
Candidate Market,Dudley | Dudley 014A,52.508751,-2.179546,England,21,Secondary
Candidate Market,Tonbridge and Malling | Tonbridge and Malling 003F,51.3018285,0.4438075,England,22,Secondary
Candidate Market,Milton Keynes | Milton Keynes 003C,52.090648,-0.743186,England,23,Secondary
Candidate Market,Castle Point | Castle Point 010F,51.5258175,0.574246,England,24,Secondary
Candidate Market,Somerset | Mendip 014B,51.12766,-2.730882,England,25,Secondary
Candidate Market,Bedford | Bedford 022C,52.089996,-0.465226,England,26,Secondary
Candidate Market,St. Helens | St. Helens 013A,53.452794,-2.63969,England,27,Secondary
Candidate Market,Gosport | Gosport 006C,50.8012305,-1.201679,England,28,Secondary
Candidate Market,Broadland | Broadland 008B,52.6492265,1.372189,England,29,Secondary
Candidate Market,Wyre | Wyre 003B,53.908319,-3.041686,England,30,Secondary
Candidate Market,North Yorkshire | Harrogate 012C,53.999749,-1.461744,England,31,Secondary
Candidate Market,West Lancashire | West Lancashire 006F,53.578429,-2.892331,England,32,Secondary
Candidate Market,East Cambridgeshire | East Cambridgeshire 004H,52.395750500000005,0.24902000000000002,England,33,Secondary
Candidate Market,Adur | Adur 005D,50.839102,-0.282785,England,34,Secondary
Candidate Market,Wealden | Wealden 016A,50.854782,0.24708,England,35,Secondary
Candidate Market,East Riding of Yorkshire | East Riding of Yorkshire 036D,53.728547,-0.454081,England,36,Secondary
Candidate Market,North Lincolnshire | North Lincolnshire 005B,53.58707,-0.72973,England,37,Secondary
Candidate Market,Broxbourne | Broxbourne 004C,51.748609,-0.0144355,England,38,Secondary
Candidate Market,Cornwall | Cornwall 067D,50.125144,-5.531377,England,39,Secondary
Candidate Market,Three Rivers | Three Rivers 009A,51.635703500000005,-0.5007174999999999,England,40,Secondary
Candidate Market,Cornwall | Cornwall 066D,50.152098,-5.10045,England,41,Secondary
Candidate Market,"Bournemouth, Christchurch and Poole | Bournemouth, Christchurch and Poole 001C",50.783499000000006,-1.979593,England,42,Secondary
Candidate Market,Cheshire East | Cheshire East 032A,53.137741,-2.372555,England,43,Secondary
Candidate Market,Rochford | Rochford 001D,51.620187,0.614852,England,44,Secondary
Candidate Market,Kirklees | Kirklees 049A,53.620669,-1.856341,England,45,Secondary
Candidate Market,Wealden | Wealden 021C,50.8078905,0.2375785,England,46,Secondary
Candidate Market,Uttlesford | Uttlesford 006E,51.879698,0.25762799999999997,England,47,Secondary
Candidate Market,Sevenoaks | Sevenoaks 010B,51.286681,0.200142,England,48,Secondary
Candidate Market,South Norfolk | South Norfolk 003D,52.605061,1.187312,England,49,Secondary
Candidate Market,Isle of Wight | Isle of Wight 006B,50.710402,-1.178153,England,50,Secondary
Candidate Market,Milton Keynes | Milton Keynes 010B,52.057066500000005,-0.8444095,England,51,Watchlist
Candidate Market,Reigate and Banstead | Reigate and Banstead 007D,51.301282,-0.215798,England,52,Watchlist
Candidate Market,Cheshire East | Cheshire East 047D,53.067415,-2.505897,England,53,Watchlist
Candidate Market,Bath and North East Somerset | Bath and North East Somerset 025A,51.2919945,-2.4763835,England,54,Watchlist
Candidate Market,North East Derbyshire | North East Derbyshire 010B,53.17663,-1.42423,England,55,Watchlist
Candidate Market,Wealden | Wealden 009F,50.977322,0.109044,England,56,Watchlist
Candidate Market,St. Helens | St. Helens 002B,53.49817,-2.70332,England,57,Watchlist
Candidate Market,Surrey Heath | Surrey Heath 006A,51.3222145,-0.6351260000000001,England,58,Watchlist
Candidate Market,Southend-on-Sea | Southend-on-Sea 013D,51.541709,0.786888,England,59,Watchlist
Candidate Market,Wychavon | Wychavon 003B,52.266330499999995,-2.1396105,England,60,Watchlist
Candidate Market,Cannock Chase | Cannock Chase 006B,52.705596,-1.941545,England,61,Watchlist
Candidate Market,Barnsley | Barnsley 006B,53.595721,-1.383464,England,62,Watchlist
Candidate Market,North Yorkshire | Scarborough 011B,54.234344,-0.383474,England,63,Watchlist
Candidate Market,Tandridge | Tandridge 006A,51.257206,0.004228,England,64,Watchlist
Candidate Market,Bedford | Bedford 004I,52.156543,-0.395998,England,65,Watchlist
Candidate Market,Torridge | Torridge 002B,51.026962,-4.211753,England,66,Watchlist
Candidate Market,South Cambridgeshire | South Cambridgeshire 006D,52.250201,0.106466,England,67,Watchlist
Candidate Market,Rotherham | Rotherham 033D,53.325386,-1.2598120000000002,England,68,Watchlist
Candidate Market,St Albans | St Albans 005D,51.802485000000004,-0.3381475,England,69,Watchlist
Candidate Market,South Kesteven | South Kesteven 016E,52.657582,-0.5082445,England,70,Watchlist
Candidate Market,North East Derbyshire | North East Derbyshire 014C,53.296029000000004,-1.326997,England,71,Watchlist
Candidate Market,Buckinghamshire | Buckinghamshire 002B,52.000624,-0.98589,England,72,Watchlist
Candidate Market,Staffordshire Moorlands | Staffordshire Moorlands 012E,52.964511,-2.064149,England,73,Watchlist
Candidate Market,Mole Valley | Mole Valley 011B,51.214166,-0.32398950000000004,England,74,Watchlist
Candidate Market,Buckinghamshire | Buckinghamshire 061D,51.577076,-0.759594,England,75,Watchlist
Candidate Market,Lewes | Lewes 011E,50.7861625,0.080197,England,76,Watchlist
Candidate Market,Wigan | Wigan 002D,53.589905,-2.650966,England,77,Watchlist
Candidate Market,Cheshire West and Chester | Cheshire West and Chester 001D,53.2921055,-3.075603,England,78,Watchlist
Candidate Market,"Bournemouth, Christchurch and Poole | Bournemouth, Christchurch and Poole 002D",50.775583,-1.820668,England,79,Watchlist
Candidate Market,West Berkshire | West Berkshire 011F,51.394049,-1.244475,England,80,Watchlist
Candidate Market,Colchester | Colchester 017D,51.860779,0.9637245,England,81,Watchlist
Candidate Market,Chorley | Chorley 011E,53.642667,-2.721367,England,82,Watchlist
Candidate Market,Thurrock | Thurrock 013D,51.484365999999994,0.400371,England,83,Watchlist
Candidate Market,Chelmsford | Chelmsford 021C,51.626765,0.526488,England,84,Watchlist
Candidate Market,Central Bedfordshire | Central Bedfordshire 015B,52.007555999999994,-0.48856049999999995,England,85,Watchlist
Candidate Market,Dover | Dover 005D,51.211255,1.3830465,England,86,Watchlist
Candidate Market,South Cambridgeshire | South Cambridgeshire 020D,52.220388,-0.081123,England,87,Watchlist
Candidate Market,North Warwickshire | North Warwickshire 007C,52.478392,-1.562187,England,88,Watchlist
Candidate Market,South Oxfordshire | South Oxfordshire 004E,51.746777,-1.136554,England,89,Watchlist
Candidate Market,Fylde | Fylde 008B,53.739542,-2.9911145,England,90,Watchlist
Candidate Market,Charnwood | Charnwood 006B,52.7670495,-1.283943,England,91,Watchlist
Candidate Market,Sevenoaks | Sevenoaks 013E,51.269794,0.074969,England,92,Watchlist
Candidate Market,Bromsgrove | Bromsgrove 009D,52.350898,-1.9662994999999999,England,93,Watchlist
Candidate Market,Ashfield | Ashfield 010C,53.080261,-1.2407335,England,94,Watchlist
Candidate Market,North Northamptonshire | North Northamptonshire 024B,52.331222,-0.560922,England,95,Watchlist
Candidate Market,Stockton-on-Tees | Stockton-on-Tees 024D,54.5003255,-1.3583075,England,96,Watchlist
Candidate Market,South Kesteven | South Kesteven 010E,52.766948,-0.388365,England,97,Watchlist
Candidate Market,York | York 024C,53.901341,-1.105343,England,98,Watchlist
Candidate Market,West Northamptonshire | West Northamptonshire 051E,52.044455,-1.148859,England,99,Watchlist
Candidate Market,North East Lincolnshire | North East Lincolnshire 023E,53.5138805,-0.107512,England,100,Watchlist
Candidate Market,East Riding of Yorkshire | East Riding of Yorkshire 011H,53.932114,-0.7682450000000001,England,101,Longlist
Candidate Market,Cheshire West and Chester | Cheshire West and Chester 004B,53.2946695,-2.997638,England,102,Longlist
Candidate Market,Wyre | Wyre 004G,53.9185195,-2.967073,England,103,Longlist
Candidate Market,Cornwall | Cornwall 015D,50.4661675,-4.733594,England,104,Longlist
Candidate Market,Stroud | Stroud 005D,51.750596,-2.289606,England,105,Longlist
Candidate Market,Cornwall | Cornwall 057G,50.184226,-5.4209,England,106,Longlist
Candidate Market,New Forest | New Forest 011D,50.848066,-1.398436,England,107,Longlist
Candidate Market,Isle of Wight | Isle of Wight 015B,50.645219,-1.17622,England,108,Longlist
Candidate Market,Bolsover | Bolsover 002A,53.277653,-1.249971,England,109,Longlist
Candidate Market,Dorset | Dorset 011B,50.868266,-2.154515,England,110,Longlist
Candidate Market,North Yorkshire | Hambleton 006C,54.292059,-1.582809,England,111,Longlist
Candidate Market,Rossendale | Rossendale 010E,53.704,-2.249202,England,112,Longlist
Candidate Market,Cornwall | Cornwall 024B,50.405896,-4.828595,England,113,Longlist
Candidate Market,Isle of Wight | Isle of Wight 003B,50.752280999999996,-1.282142,England,114,Longlist
Candidate Market,Teignbridge | Teignbridge 006B,50.56579,-3.4781310000000003,England,115,Longlist
Candidate Market,Wirral | Wirral 026B,53.374065,-3.176831,England,116,Longlist
Candidate Market,South Oxfordshire | South Oxfordshire 001D,51.751580000000004,-0.9771815,England,117,Longlist
Candidate Market,Cornwall | Cornwall 071F,50.100392,-5.275516,England,118,Longlist
Candidate Market,Wealden | Wealden 006D,51.049588,0.187131,England,119,Longlist
Candidate Market,Kirklees | Kirklees 046B,53.636641499999996,-1.6940445,England,120,Longlist
Candidate Market,Canterbury | Canterbury 002A,51.369859,1.17052,England,121,Longlist
Candidate Market,Bedford | Bedford 002F,52.126075,-0.543322,England,122,Longlist
Candidate Market,Uttlesford | Uttlesford 002E,52.010551,0.245348,England,123,Longlist
Candidate Market,Brentwood | Brentwood 002D,51.656287,0.364535,England,124,Longlist
Candidate Market,North Yorkshire | Ryedale 009B,54.141876,-0.800274,England,125,Longlist
Candidate Market,Vale of White Horse | Vale of White Horse 010C,51.615912,-1.31109,England,126,Longlist
Candidate Market,Tewkesbury | Tewkesbury 004D,51.9640545,-2.062737,England,127,Longlist
Candidate Market,Rutland | Rutland 003A,52.677996,-0.7237315,England,128,Longlist
Candidate Market,Staffordshire Moorlands | Staffordshire Moorlands 006D,53.092728,-2.034158,England,129,Longlist
Candidate Market,Wychavon | Wychavon 019D,52.074068499999996,-2.115901,England,130,Longlist
Candidate Market,Folkestone and Hythe | Folkestone and Hythe 009C,51.078779,1.025822,England,131,Longlist
Candidate Market,Newark and Sherwood | Newark and Sherwood 001E,53.203403,-1.014908,England,132,Longlist
Candidate Market,West Northamptonshire | West Northamptonshire 047B,52.120717,-0.9855395,England,133,Longlist
Candidate Market,Wiltshire | Wiltshire 016C,51.43911,-1.993225,England,134,Longlist
Candidate Market,North East Lincolnshire | North East Lincolnshire 007D,53.540814,-0.1702025,England,135,Longlist
Candidate Market,Tonbridge and Malling | Tonbridge and Malling 007H,51.266803,0.393694,England,136,Longlist
Candidate Market,Chichester | Chichester 007C,50.852522,-0.90568,England,137,Longlist
Candidate Market,Buckinghamshire | Buckinghamshire 031B,51.68433,-0.703018,England,138,Longlist
Candidate Market,Swale | Swale 014E,51.308649,0.8848865,England,139,Longlist
Candidate Market,West Northamptonshire | West Northamptonshire 005C,52.305335,-1.090278,England,140,Longlist
Candidate Market,Mid Devon | Mid Devon 007A,50.862142,-3.389724,England,141,Longlist
Candidate Market,Mansfield | Mansfield 002B,53.197467,-1.148623,England,142,Longlist
Candidate Market,Buckinghamshire | Buckinghamshire 024E,51.778228,-0.731628,England,143,Longlist
Candidate Market,Lewes | Lewes 003E,50.8818475,-0.0031735,England,144,Longlist
Candidate Market,Doncaster | Doncaster 001C,53.630631,-0.950533,England,145,Longlist
Candidate Market,West Berkshire | West Berkshire 002B,51.491056,-1.53168,England,146,Longlist
Candidate Market,Dacorum | Dacorum 003B,51.804297,-0.660569,England,147,Longlist
Candidate Market,Braintree | Braintree 006B,51.949674,0.647856,England,148,Longlist
Candidate Market,South Cambridgeshire | South Cambridgeshire 014E,52.141102,0.116376,England,149,Longlist
Candidate Market,Arun | Arun 003F,50.8465605,-0.6219555,England,150,Longlist
Candidate Market,Horsham | Horsham 012A,50.941964,-0.459836,England,151,Longlist
Candidate Market,Redcar and Cleveland | Redcar and Cleveland 020A,54.536101,-1.047439,England,152,Longlist
Candidate Market,Rother | Rother 005D,50.892893,0.626722,England,153,Longlist
Candidate Market,Dorset | Dorset 026A,50.745326,-2.739896,England,154,Longlist
Candidate Market,Torbay | Torbay 017F,50.397194999999996,-3.5238215,England,155,Longlist
Candidate Market,Horsham | Horsham 010B,51.019838,-0.45637150000000004,England,156,Longlist
Candidate Market,South Holland | South Holland 008C,52.78964,0.131736,England,157,Longlist
Candidate Market,Mid Devon | Mid Devon 011C,50.791252,-3.658414,England,158,Longlist
Candidate Market,East Devon | East Devon 011B,50.70133,-3.235467,England,159,Longlist
Candidate Market,Somerset | South Somerset 022D,50.868045,-2.955037,England,160,Longlist
Candidate Market,Braintree | Braintree 014D,51.837844,0.697721,England,161,Longlist
Candidate Market,Lichfield | Lichfield 011D,52.634326,-1.839252,England,162,Longlist
Candidate Market,West Devon | West Devon 005G,50.536704,-4.142041,England,163,Longlist
Candidate Market,Bassetlaw | Bassetlaw 015B,53.249369,-0.8966505,England,164,Longlist
Candidate Market,North Norfolk | North Norfolk 016C,52.815548,1.376832,England,165,Longlist
Candidate Market,Wyre | Wyre 007B,53.879745,-2.769173,England,166,Longlist
Candidate Market,East Suffolk | East Suffolk 001D,52.519057000000004,1.705076,England,167,Longlist
Candidate Market,Cheshire East | Cheshire East 025C,53.177977,-2.433701,England,168,Longlist
Candidate Market,Solihull | Solihull 029E,52.352509,-1.778264,England,169,Longlist
Candidate Market,Wyre Forest | Wyre Forest 001C,52.403222,-2.1694415,England,170,Longlist
Candidate Market,Breckland | Breckland 009E,52.566954,0.829593,England,171,Longlist
Candidate Market,Cornwall | Cornwall 017D,50.450383,-4.472802,England,172,Longlist
Candidate Market,Great Yarmouth | Great Yarmouth 003A,52.6563965,1.719743,England,173,Longlist
Candidate Market,Winchester | Winchester 012E,50.936170000000004,-1.2039105,England,174,Longlist
Candidate Market,West Berkshire | West Berkshire 003D,51.483524,-1.087305,England,175,Longlist
Candidate Market,West Suffolk | West Suffolk 001E,52.3866,0.532781,England,176,Longlist
Candidate Market,East Hampshire | East Hampshire 009D,51.0881925,-0.8198965,England,177,Longlist
Candidate Market,Waverley | Waverley 013B,51.145031,-0.47217600000000004,England,178,Longlist
Candidate Market,Vale of White Horse | Vale of White Horse 009A,51.652217,-1.579272,England,179,Longlist
Candidate Market,Buckinghamshire | Buckinghamshire 026B,51.721745,-0.839066,England,180,Longlist
Candidate Market,Tendring | Tendring 009B,51.820333500000004,1.020305,England,181,Longlist
Candidate Market,Cornwall | Cornwall 047D,50.257577,-5.157102999999999,England,182,Longlist
Candidate Market,Fenland | Fenland 006C,52.555751,-0.111881,England,183,Longlist
Candidate Market,West Lancashire | West Lancashire 003C,53.620369499999995,-2.939172,England,184,Longlist
Candidate Market,East Devon | East Devon 003C,50.7913215,-3.2069514999999997,England,185,Longlist
Candidate Market,Thanet | Thanet 014D,51.3363695,1.310857,England,186,Longlist
Candidate Market,Bromley | Bromley 042D,51.3096,0.036479,England,187,Longlist
Candidate Market,Cornwall | Cornwall 001A,50.831172,-4.545674,England,188,Longlist
Candidate Market,Malvern Hills | Malvern Hills 008C,52.0647675,-2.1928075,England,189,Longlist
Candidate Market,Breckland | Breckland 013C,52.522258,1.032769,England,190,Longlist
Candidate Market,New Forest | New Forest 010B,50.845793,-1.7618075,England,191,Longlist
Candidate Market,Forest of Dean | Forest of Dean 010E,51.647946,-2.666015,England,192,Longlist
Candidate Market,Broadland | Broadland 014D,52.633774,1.447582,England,193,Longlist
Candidate Market,Maidstone | Maidstone 011D,51.276262,0.646349,England,194,Longlist
Candidate Market,Ashford | Ashford 013C,51.0851505,0.6900945,England,195,Longlist
Candidate Market,Dorset | Dorset 004A,50.9521175,-2.5084090000000003,England,196,Longlist
Candidate Market,North Yorkshire | Scarborough 014D,54.212661499999996,-0.29772299999999996,England,197,Longlist
Candidate Market,North Devon | North Devon 001D,51.204909,-4.1046665,England,198,Longlist
Candidate Market,Solihull | Solihull 025B,52.400643,-1.654581,England,199,Longlist
Candidate Market,West Lancashire | West Lancashire 001D,53.689127,-2.8353080000000004,England,200,Longlist
Candidate Market,Cornwall | Cornwall 054A,50.20982,-5.488982,England,201,Longlist
Candidate Market,Cheshire West and Chester | Cheshire West and Chester 039D,53.172024,-2.814778,England,202,Longlist
Candidate Market,North East Lincolnshire | North East Lincolnshire 001B,53.613865,-0.242559,England,203,Longlist
Candidate Market,Cheshire East | Cheshire East 023B,53.201065,-2.369243,England,204,Longlist
Candidate Market,East Suffolk | East Suffolk 020B,52.104426,1.330582,England,205,Longlist
Candidate Market,North Yorkshire | Ryedale 002B,54.237886,-0.760635,England,206,Longlist
Candidate Market,North West Leicestershire | North West Leicestershire 012D,52.704149,-1.513181,England,207,Longlist
Candidate Market,Central Bedfordshire | Central Bedfordshire 007H,52.063035,-0.627612,England,208,Longlist
Candidate Market,Chichester | Chichester 014C,50.738998,-0.776584,England,209,Longlist
Candidate Market,East Devon | East Devon 010C,50.714051,-3.074889,England,210,Longlist
Candidate Market,West Oxfordshire | West Oxfordshire 001D,51.940897,-1.545744,England,211,Longlist
Candidate Market,Winchester | Winchester 001A,51.1528875,-1.332014,England,212,Longlist
Candidate Market,Mid Devon | Mid Devon 003A,50.906084,-3.327825,England,213,Longlist
Candidate Market,King's Lynn and West Norfolk | King's Lynn and West Norfolk 001A,52.934489,0.488692,England,214,Longlist
Candidate Market,Tandridge | Tandridge 010C,51.173973,-0.019734,England,215,Longlist
Candidate Market,Vale of White Horse | Vale of White Horse 016C,51.613849,-1.628257,England,216,Longlist
Candidate Market,Somerset | South Somerset 005B,51.057407,-2.417386,England,217,Longlist
Candidate Market,South Hams | South Hams 010C,50.280772,-3.782645,England,218,Longlist
Candidate Market,East Riding of Yorkshire | East Riding of Yorkshire 015C,53.86297,-0.673697,England,219,Longlist
Candidate Market,East Suffolk | East Suffolk 018A,52.19972,1.5635525000000001,England,220,Longlist
Candidate Market,North Lincolnshire | North Lincolnshire 011E,53.551637,-0.488304,England,221,Longlist
Candidate Market,Derbyshire Dales | Derbyshire Dales 011E,53.177801,-1.617227,England,222,Longlist
Candidate Market,Hart | Hart 004B,51.305855,-0.906761,England,223,Longlist
Candidate Market,Somerset | South Somerset 021A,50.871815,-2.775765,England,224,Longlist
Candidate Market,Doncaster | Doncaster 026D,53.487088,-0.99066,England,225,Longlist
Candidate Market,Cornwall | Cornwall 007A,50.516105,-4.823359,England,226,Longlist
Candidate Market,South Norfolk | South Norfolk 011F,52.495028500000004,1.2239385,England,227,Longlist
Candidate Market,North Somerset | North Somerset 024E,51.341718,-2.782094,England,228,Longlist
Candidate Market,East Lindsey | East Lindsey 011A,53.201122,-0.1088835,England,229,Longlist
Candidate Market,Milton Keynes | Milton Keynes 001B,52.152511,-0.701761,England,230,Longlist
Candidate Market,Stratford-on-Avon | Stratford-on-Avon 006A,52.214002,-1.870038,England,231,Longlist
Candidate Market,Cornwall | Cornwall 008E,50.540718,-4.939467,England,232,Longlist
Candidate Market,North Norfolk | North Norfolk 001D,52.934538,1.209852,England,233,Longlist
Candidate Market,East Suffolk | East Suffolk 018B,52.231421,1.4956580000000002,England,234,Longlist
Candidate Market,West Suffolk | West Suffolk 003D,52.356769,0.457076,England,235,Longlist
Candidate Market,Cornwall | Cornwall 019F,50.394642,-4.933031,England,236,Longlist
Candidate Market,West Berkshire | West Berkshire 010B,51.405878,-1.5147754999999998,England,237,Longlist
Candidate Market,Basingstoke and Deane | Basingstoke and Deane 003C,51.356312,-1.376379,England,238,Longlist
Candidate Market,Stroud | Stroud 012D,51.6767945,-2.4368655,England,239,Longlist
Candidate Market,Dorset | Dorset 023B,50.725252,-2.9388435,England,240,Longlist
Candidate Market,Westmorland and Furness | South Lakeland 013A,54.1845,-2.94718,England,241,Longlist
Candidate Market,North Yorkshire | Hambleton 002C,54.477094,-1.187681,England,242,Longlist
Candidate Market,North Yorkshire | Hambleton 010A,54.1184415,-1.1877360000000001,England,243,Longlist
Candidate Market,Chelmsford | Chelmsford 001A,51.827160500000005,0.508615,England,244,Longlist
Candidate Market,Rutland | Rutland 005F,52.591681,-0.728185,England,245,Longlist
Candidate Market,Broadland | Broadland 008E,52.704473,1.400609,England,246,Longlist
Candidate Market,East Riding of Yorkshire | East Riding of Yorkshire 026D,53.780508,-0.647874,England,247,Longlist
Candidate Market,Shropshire | Shropshire 027C,52.650434,-2.293535,England,248,Longlist
Candidate Market,Stratford-on-Avon | Stratford-on-Avon 002C,52.291832,-1.775912,England,249,Longlist
Candidate Market,North Somerset | North Somerset 013B,51.383658,-2.679956,England,250,Longlist
Candidate Market,Peterborough | Peterborough 004C,52.607426,-0.439818,England,251,Longlist
Candidate Market,East Lindsey | East Lindsey 010D,53.193391500000004,0.33555599999999997,England,252,Longlist
Candidate Market,Somerset | South Somerset 006C,51.01100649999999,-2.679901,England,253,Longlist
Candidate Market,Westmorland and Furness | Eden 007B,54.473367999999994,-2.3498545,England,254,Longlist
Candidate Market,Maidstone | Maidstone 017A,51.171848,0.6259365,England,255,Longlist
Candidate Market,Medway | Medway 001C,51.452412,0.6317615000000001,England,256,Longlist
Candidate Market,Tendring | Tendring 007E,51.856512,1.117009,England,257,Longlist
Candidate Market,King's Lynn and West Norfolk | King's Lynn and West Norfolk 014C,52.657009,0.54047,England,258,Longlist
Candidate Market,Cornwall | Cornwall 006A,50.589973,-4.507811,England,259,Longlist
Candidate Market,Harborough | Harborough 005E,52.5315155,-0.938659,England,260,Longlist
Candidate Market,Breckland | Breckland 004A,52.650465,0.777779,England,261,Longlist
Candidate Market,Shropshire | Shropshire 011C,52.7949685,-2.9036225,England,262,Longlist
Candidate Market,Northumberland | Northumberland 002C,55.685398500000005,-1.931934,England,263,Longlist
Candidate Market,Cherwell | Cherwell 016B,51.866123,-1.231848,England,264,Longlist
Candidate Market,Westmorland and Furness | South Lakeland 002A,54.377010999999996,-2.822954,England,265,Longlist
Candidate Market,Westmorland and Furness | South Lakeland 007B,54.244751,-2.874485,England,266,Longlist
