distinct_market_rank,candidate_market_label,lsoa21_code,lsoa_name,local_authority,candidate_lat,candidate_lon,rural_urban,total_population,population_within_3km,population_within_5km,imd_score,imd_decile,nearest_greggs_distance_km,greggs_within_1km,greggs_within_3km,greggs_within_5km,greggs_in_local_authority,selected_competitors_within_1km,selected_competitors_within_3km,selected_competitors_within_5km,selected_brand_diversity_1km,selected_brand_diversity_3km,qsr_competitors_within_3km,coffee_food_to_go_within_3km,nearest_selected_competitor_brand,candidate_market_scale_index,greggs_coverage_gap_index,selected_chain_activity_index,balanced_growth_score,coverage_led_score,market_led_score,balanced_growth_rank,coverage_led_rank,market_led_rank,robust_opportunity_percentile,scenario_consensus,candidate_network_segment,existing_network_compatibility_pct,network_compatibility_band,opportunity_tier,evidence_profile,candidate_interpretation,is_top20
1,East Riding of Yorkshire | East Riding of Yorkshire 025C,E01012963,East Riding of Yorkshire 025C,East Riding of Yorkshire,53.775432,-0.421173,Urban,1497,55469.0,155441.0,27.651,3,5.166643926631249,0,0,0,4,1,7,13,1,5,5,2,Costa Coffee,55.77,88.21,62.64,67.56,73.71,63.98,1,1,1,100.0,Very High,Lower-Competition Local Markets,83.69,High Similarity,Priority,Priority - Benchmark Aligned,Strong expansion-screening signal with characteristics broadly represented in the existing Greggs network.,True
2,Castle Point | Castle Point 005D,E01021532,Castle Point 005D,Castle Point,51.565201,0.615811,Urban,1364,65560.0,170851.0,8.893,8,6.118762493183937,0,0,0,0,0,6,11,0,4,4,2,Costa Coffee,61.26,89.13,49.41,66.07,72.23,63.87,2,2,2,99.62,Very High,Lower-Competition Local Markets,20.99,Low Similarity,Priority,Priority - Exploratory,"Strong expansion-screening signal, but the market is comparatively different from typical existing Greggs environments.",True
3,Welwyn Hatfield | Welwyn Hatfield 010D,E01023938,Welwyn Hatfield 010D,Welwyn Hatfield,51.757981,-0.24646200000000001,Urban,2442,44194.0,97365.0,4.219,10,5.282075262116073,0,0,0,1,8,10,13,5,5,8,2,Costa Coffee,41.94,88.32,69.4,64.09,72.0,58.08,3,3,5,99.0,Very High,Competitive Urban Hubs,53.97,Moderate Similarity,Priority,Priority - Benchmark Aligned,Strong expansion-screening signal with characteristics broadly represented in the existing Greggs network.,True
4,Wyre | Wyre 012C,E01025594,Wyre 012C,Wyre,53.868107,-3.0013005,Urban,1523,58111.0,109755.0,11.101,8,5.507632178841725,0,0,0,3,0,8,10,0,4,5,3,McDonald's,49.94,88.57,54.3,62.84,70.34,58.76,5,4,4,98.75,Very High,Lower-Competition Local Markets,39.32,Moderate Similarity,Priority,Priority - Benchmark Aligned,Strong expansion-screening signal with characteristics broadly represented in the existing Greggs network.,True
5,Stoke-on-Trent | Stoke-on-Trent 012E,E01014217,Stoke-on-Trent 012E,Stoke-on-Trent,53.040276,-2.137601,Urban,1414,63371.0,144405.0,58.258,1,5.093024575965593,0,0,0,5,0,5,16,0,4,4,1,McDonald's,57.3,88.11,46.78,63.39,70.07,60.83,4,6,3,98.75,Very High,High-Deprivation Urban Core,9.09,Low Similarity,Priority,Priority - Exploratory,"Strong expansion-screening signal, but the market is comparatively different from typical existing Greggs environments.",True
6,Wigan | Wigan 035A,E01006220,Wigan 035A,Wigan,53.495182,-2.611853,Urban,1740,42716.0,123422.0,29.445,3,5.53800825875178,0,0,0,5,0,5,8,0,5,4,1,Costa Coffee,45.89,88.6,57.5,62.19,70.15,57.33,6,5,7,98.12,Very High,Lower-Competition Local Markets,32.74,Moderate Similarity,Priority,Priority - Benchmark Aligned,Strong expansion-screening signal with characteristics broadly represented in the existing Greggs network.,True
7,Plymouth | Plymouth 002C,E01015161,Plymouth 002C,Plymouth,50.428779,-4.140071,Urban,1674,54451.0,126301.0,32.886,3,5.116664486651588,0,0,0,4,0,5,6,0,4,3,2,KFC,51.12,88.14,46.78,60.92,68.54,57.44,7,8,6,97.74,Very High,Lower-Competition Local Markets,24.78,Low Similarity,Priority,Priority - Exploratory,"Strong expansion-screening signal, but the market is comparatively different from typical existing Greggs environments.",True
8,Reigate and Banstead | Reigate and Banstead 018D,E01030578,Reigate and Banstead 018D,Reigate and Banstead,51.165561,-0.16392,Urban,1497,33166.0,66865.0,22.648,4,5.296121892089683,0,0,0,1,5,11,15,4,5,3,8,Costa Coffee,31.63,88.34,71.35,60.56,69.91,52.9,8,7,9,97.37,Very High,Lower-Competition Local Markets,42.23,Moderate Similarity,Priority,Priority - Benchmark Aligned,Strong expansion-screening signal with characteristics broadly represented in the existing Greggs network.,True
9,Walsall | Walsall 001B,E01010303,Walsall 001B,Walsall,52.656546,-1.937653,Urban,1574,37535.0,89738.0,23.755,4,5.352815740192081,0,0,0,8,1,8,10,1,4,5,3,McDonald's,37.73,88.4,54.3,57.9,67.21,52.01,9,9,10,96.87,Very High,Lower-Competition Local Markets,97.72,High Similarity,Priority,Priority - Benchmark Aligned,Strong expansion-screening signal with characteristics broadly represented in the existing Greggs network.,True
10,North Kesteven | North Kesteven 014D,E01026219,North Kesteven 014D,North Kesteven,53.1876285,-0.5856465,Urban,1141,42571.0,85904.0,7.505,9,5.284710370200397,0,0,0,1,1,6,11,1,4,4,2,Costa Coffee,39.1,88.33,49.41,56.96,66.29,51.52,10,13,12,95.99,Very High,Lower-Competition Local Markets,12.52,Low Similarity,Priority,Priority - Exploratory,"Strong expansion-screening signal, but the market is comparatively different from typical existing Greggs environments.",True
11,Wirral | Wirral 034C,E01007256,Wirral 034C,Wirral,53.35241,-3.092353,Urban,1560,36535.0,111982.0,8.316,9,5.545983992620797,0,0,0,5,0,4,7,0,4,3,1,McDonald's,41.58,88.61,43.98,56.41,65.7,51.59,11,15,11,95.74,Very High,Lower-Competition Local Markets,34.13,Moderate Similarity,Priority,Priority - Benchmark Aligned,Strong expansion-screening signal with characteristics broadly represented in the existing Greggs network.,True
12,Central Bedfordshire | Central Bedfordshire 021B,E01017556,Central Bedfordshire 021B,Central Bedfordshire,51.918994,-0.654491,Urban,1585,46993.0,51749.0,8.366,9,9.376238557365928,0,0,0,7,2,6,6,2,4,4,2,Costa Coffee,34.37,91.07,49.41,55.89,66.48,49.47,12,12,15,95.49,Very High,Lower-Competition Local Markets,80.66,High Similarity,Priority,Priority - Benchmark Aligned,Strong expansion-screening signal with characteristics broadly represented in the existing Greggs network.,True
13,Cornwall | Cornwall 051D,E01018897,Cornwall 051D,Cornwall,50.225174,-5.27027,Urban,2369,35004.0,58185.0,29.409,3,16.047431988416005,0,0,0,4,6,7,7,4,4,5,2,McDonald's,30.68,92.49,51.92,55.6,66.9,48.35,14,11,17,95.11,Very High,Competitive Urban Hubs,93.06,High Similarity,Priority,Priority - Benchmark Aligned,Strong expansion-screening signal with characteristics broadly represented in the existing Greggs network.,True
14,West Lancashire | West Lancashire 015A,E01025534,West Lancashire 015A,West Lancashire,53.540448,-2.731083,Urban,1773,35954.0,104891.0,5.111,10,5.125243388745714,0,0,0,1,0,4,6,0,4,3,1,Costa Coffee,40.09,88.16,43.98,55.68,65.1,50.68,13,17,13,94.99,Very High,Lower-Competition Local Markets,21.62,Low Similarity,Priority,Priority - Exploratory,"Strong expansion-screening signal, but the market is comparatively different from typical existing Greggs environments.",True
15,Croydon | Croydon 041A,E01001015,Croydon 041A,Croydon,51.314287,-0.133187,Urban,1456,56981.0,149641.0,24.758,4,5.063422200847161,0,0,0,7,0,2,10,0,1,0,2,Costa Coffee,55.65,88.08,22.26,55.36,63.52,53.79,15,20,8,94.99,Very High,Lower-Competition Local Markets,39.06,Moderate Similarity,Priority,Priority - Benchmark Aligned,Strong expansion-screening signal with characteristics broadly represented in the existing Greggs network.,True
16,Isle of Wight | Isle of Wight 008E,E01017334,Isle of Wight 008E,Isle of Wight,50.706863,-1.294837,Urban,1981,26792.0,37344.0,19.317,5,15.765782648097256,0,0,0,0,5,6,6,4,5,4,2,Costa Coffee,23.02,92.47,60.13,54.99,67.02,46.19,16,10,24,94.11,Very High,Competitive Urban Hubs,89.68,High Similarity,Priority,Priority - Benchmark Aligned,Strong expansion-screening signal with characteristics broadly represented in the existing Greggs network.,True
17,Blaby | Blaby 003C,E01025639,Blaby 003C,Blaby,52.635536,-1.229533,Urban,1259,41766.0,113356.0,5.931,9,5.366293824077742,0,0,0,2,0,3,7,0,3,3,0,Subway,43.91,88.42,33.24,54.06,63.5,50.14,17,21,14,93.86,Very High,Lower-Competition Local Markets,10.24,Low Similarity,Priority,Priority - Exploratory,"Strong expansion-screening signal, but the market is comparatively different from typical existing Greggs environments.",True
18,Cornwall | Cornwall 036B,E01019014,Cornwall 036B,Cornwall,50.347721,-4.768459,Urban,1495,30538.0,42314.0,12.84,7,22.20559870925436,0,0,0,4,0,7,7,0,4,5,2,Subway,25.62,92.8,51.92,53.66,65.78,45.63,18,14,25,93.23,Very High,Lower-Competition Local Markets,41.72,Moderate Similarity,Priority,Priority - Benchmark Aligned,Strong expansion-screening signal with characteristics broadly represented in the existing Greggs network.,True
19,Buckinghamshire | Buckinghamshire 067A,E01017824,Buckinghamshire 067A,Buckinghamshire,51.545283,-0.523749,Urban,1747,16134.0,102587.0,11.629,7,5.225191796919623,0,0,0,11,0,8,21,0,3,8,0,McDonald's,31.39,88.27,46.39,52.95,63.58,46.52,19,19,21,92.98,Very High,Lower-Competition Local Markets,39.32,Moderate Similarity,Priority,Priority - Benchmark Aligned,Strong expansion-screening signal with characteristics broadly represented in the existing Greggs network.,True
20,Canterbury | Canterbury 004B,E01024065,Canterbury 004B,Canterbury,51.359214,1.0994,Urban,2013,36357.0,59038.0,20.909,5,7.842560108870636,0,0,0,2,0,4,4,0,4,3,1,Costa Coffee,31.44,90.21,43.98,52.83,63.96,46.33,20,18,23,92.73,Very High,Lower-Competition Local Markets,22.88,Low Similarity,Priority,Priority - Exploratory,"Strong expansion-screening signal, but the market is comparatively different from typical existing Greggs environments.",True
21,Dudley | Dudley 014A,E01009814,Dudley 014A,Dudley,52.508751,-2.179546,Urban,1265,43163.0,121986.0,4.048,10,5.298218177700355,0,0,0,7,0,2,5,0,2,1,1,McDonald's,45.84,88.35,26.02,52.65,62.14,49.39,22,29,16,91.98,Very High,Lower-Competition Local Markets,8.47,Low Similarity,Secondary,Secondary - Exploratory,Promising secondary market with more novel characteristics requiring additional validation.,False
22,Tonbridge and Malling | Tonbridge and Malling 003F,E01024765,Tonbridge and Malling 003F,Tonbridge and Malling,51.3018285,0.4438075,Urban,1319,39112.0,78586.0,4.947,10,6.375122676995509,0,0,0,2,1,4,9,1,3,2,2,Subway,36.28,89.34,36.08,52.14,62.76,46.84,24,25,19,91.85,Very High,Lower-Competition Local Markets,36.41,Moderate Similarity,Secondary,Secondary - Benchmark Aligned,Promising secondary market with reasonable alignment to existing Greggs market environments.,False
23,Milton Keynes | Milton Keynes 003C,E01016788,Milton Keynes 003C,Milton Keynes,52.090648,-0.743186,Urban,1561,25733.0,62627.0,7.402,9,5.193854082656089,0,0,0,8,4,6,9,3,4,5,1,Subway,27.65,88.24,49.41,52.36,63.38,45.21,23,22,26,91.48,Very High,Lower-Competition Local Markets,45.64,Moderate Similarity,Secondary,Secondary - Benchmark Aligned,Promising secondary market with reasonable alignment to existing Greggs market environments.,False
24,Castle Point | Castle Point 010F,E01021508,Castle Point 010F,Castle Point,51.5258175,0.574246,Urban,1342,40282.0,80863.0,26.248,4,6.612268519651241,0,0,0,0,0,3,6,0,3,2,1,McDonald's,37.12,89.51,33.24,51.67,62.35,46.63,25,27,20,91.36,Very High,Lower-Competition Local Markets,23.39,Low Similarity,Secondary,Secondary - Exploratory,Promising secondary market with more novel characteristics requiring additional validation.,False
25,Somerset | Mendip 014B,E01029071,Mendip 014B,Somerset,51.12766,-2.730882,Urban,1454,23109.0,23109.0,18.814,5,10.720550933576922,0,0,0,22,2,6,6,2,5,3,3,Costa Coffee,18.16,91.53,60.13,52.76,65.34,43.33,21,16,35,91.35,Very High,Lower-Competition Local Markets,93.05,High Similarity,Secondary,Secondary - Benchmark Aligned,Promising secondary market with reasonable alignment to existing Greggs market environments.,False
26,Bedford | Bedford 022C,E01034433,Bedford 022C,Bedford,52.089996,-0.465226,Rural,2662,17000.0,81809.0,13.264,7,5.308589343298529,0,0,0,2,0,5,10,0,4,3,2,McDonald's,27.68,88.36,46.78,51.61,62.8,44.59,26,24,28,90.6,Very High,Lower-Competition Local Markets,0.63,Low Similarity,Secondary,Secondary - Exploratory,Promising secondary market with more novel characteristics requiring additional validation.,False
27,St. Helens | St. Helens 013A,E01006863,St. Helens 013A,St. Helens,53.452794,-2.63969,Urban,1709,40187.0,113797.0,55.518,1,5.034510317669946,0,0,0,3,1,2,11,1,2,2,0,McDonald's,43.31,88.04,26.02,51.54,61.35,47.93,27,37,18,90.1,Very High,High-Deprivation Urban Core,76.27,High Similarity,Secondary,Secondary - Benchmark Aligned,Promising secondary market with reasonable alignment to existing Greggs market environments.,False
28,Gosport | Gosport 006C,E01022828,Gosport 006C,Gosport,50.8012305,-1.201679,Urban,1303,35154.0,96032.0,14.038,7,5.01557609607203,0,0,0,1,1,4,9,1,2,2,2,Subway,37.92,88.01,31.53,51.03,61.37,46.34,28,36,22,89.6,Very High,Lower-Competition Local Markets,62.07,Moderate Similarity,Secondary,Secondary - Benchmark Aligned,Promising secondary market with reasonable alignment to existing Greggs market environments.,False
29,Broadland | Broadland 008B,E01026546,Broadland 008B,Broadland,52.6492265,1.372189,Rural,1436,29168.0,74116.0,5.282,10,5.288396518062101,0,0,0,1,0,5,8,0,3,3,2,McDonald's,31.33,88.33,38.88,50.7,61.72,44.62,29,34,27,89.1,Very High,Lower-Competition Local Markets,19.97,Low Similarity,Secondary,Secondary - Exploratory,Promising secondary market with more novel characteristics requiring additional validation.,False
30,Wyre | Wyre 003B,E01025591,Wyre 003B,Wyre,53.908319,-3.041686,Urban,1538,33672.0,67070.0,17.53,5,9.590587052480306,0,0,0,3,0,3,8,0,3,2,1,Costa Coffee,31.84,91.14,33.24,50.05,61.84,44.05,31,31,31,88.72,Very High,Lower-Competition Local Markets,52.59,Moderate Similarity,Secondary,Secondary - Benchmark Aligned,Promising secondary market with reasonable alignment to existing Greggs market environments.,False
31,North Yorkshire | Harrogate 012C,E01027672,Harrogate 012C,North Yorkshire,53.999749,-1.461744,Urban,1629,28265.0,53462.0,4.294,10,5.153599806966572,0,0,0,18,1,4,4,1,4,3,1,Subway,26.96,88.19,43.98,50.44,61.83,43.46,30,32,33,88.47,Very High,Lower-Competition Local Markets,66.25,Moderate Similarity,Secondary,Secondary - Benchmark Aligned,Promising secondary market with reasonable alignment to existing Greggs market environments.,False
32,West Lancashire | West Lancashire 006F,E01025519,West Lancashire 006F,West Lancashire,53.578429,-2.892331,Urban,1171,27804.0,43795.0,8.907,8,6.325522229836178,0,0,0,1,1,7,7,1,3,4,3,Costa Coffee,24.65,89.3,44.01,49.85,61.82,42.42,32,33,37,87.6,Very High,Lower-Competition Local Markets,17.07,Low Similarity,Secondary,Secondary - Exploratory,Promising secondary market with more novel characteristics requiring additional validation.,False
33,East Cambridgeshire | East Cambridgeshire 004H,E01035535,East Cambridgeshire 004H,East Cambridgeshire,52.395750500000005,0.24902000000000002,Urban,2406,20756.0,26692.0,7.278,9,15.863789898121254,0,0,0,0,1,6,6,1,4,3,3,Burger King,18.08,92.48,49.41,49.8,63.11,40.79,34,23,49,87.09,Very High,Lower-Competition Local Markets,7.46,Low Similarity,Secondary,Secondary - Exploratory,Promising secondary market with more novel characteristics requiring additional validation.,False
34,Adur | Adur 005D,E01031368,Adur 005D,Adur,50.839102,-0.282785,Urban,1512,35184.0,81738.0,11.179,7,5.405104442216778,0,0,0,0,0,3,5,0,2,2,1,McDonald's,35.23,88.46,28.69,49.24,60.21,44.24,36,41,30,86.97,Very High,Lower-Competition Local Markets,39.06,Moderate Similarity,Secondary,Secondary - Benchmark Aligned,Promising secondary market with reasonable alignment to existing Greggs market environments.,False
35,Wealden | Wealden 016A,E01021180,Wealden 016A,Wealden,50.854782,0.24708,Urban,1418,24369.0,39858.0,9.12,8,8.69606926082239,0,0,0,0,1,4,5,1,4,3,1,KFC,22.49,90.71,43.98,49.4,61.97,41.51,35,30,45,86.59,Very High,Lower-Competition Local Markets,71.93,Moderate Similarity,Secondary,Secondary - Benchmark Aligned,Promising secondary market with reasonable alignment to existing Greggs market environments.,False
36,East Riding of Yorkshire | East Riding of Yorkshire 036D,E01013012,East Riding of Yorkshire 036D,East Riding of Yorkshire,53.728547,-0.454081,Urban,1808,35175.0,92250.0,5.755,9,5.354192680739329,0,0,0,4,0,3,8,0,1,0,3,Costa Coffee,37.17,88.41,24.92,48.87,59.73,44.36,37,45,29,86.47,Very High,Lower-Competition Local Markets,21.62,Low Similarity,Secondary,Secondary - Exploratory,Promising secondary market with more novel characteristics requiring additional validation.,False
37,North Lincolnshire | North Lincolnshire 005B,E01013287,North Lincolnshire 005B,North Lincolnshire,53.58707,-0.72973,Rural,1489,5219.0,37272.0,20.292,5,5.081324611525469,0,0,0,5,0,6,9,0,5,4,2,Costa Coffee,13.35,88.1,60.13,49.81,62.42,40.0,33,26,54,86.22,High,Lower-Competition Local Markets,49.43,Moderate Similarity,Secondary,Secondary - Benchmark Aligned,Promising secondary market with reasonable alignment to existing Greggs market environments.,False
38,Broxbourne | Broxbourne 004C,E01023291,Broxbourne 004C,Broxbourne,51.748609,-0.0144355,Urban,1575,37914.0,75528.0,3.637,10,5.440722073595534,0,0,0,2,0,2,3,0,2,1,1,Subway,35.27,88.5,26.02,48.46,59.57,43.6,40,47,32,85.47,Very High,Lower-Competition Local Markets,20.61,Low Similarity,Secondary,Secondary - Exploratory,Promising secondary market with more novel characteristics requiring additional validation.,False
39,Cornwall | Cornwall 067D,E01018996,Cornwall 067D,Cornwall,50.125144,-5.531377,Urban,1504,23070.0,26118.0,31.316,3,37.37758149895571,0,0,0,4,1,4,4,1,4,3,1,Subway,18.99,92.94,43.98,48.67,62.21,40.03,38,28,53,85.46,High,Lower-Competition Local Markets,72.82,Moderate Similarity,Secondary,Secondary - Benchmark Aligned,Promising secondary market with reasonable alignment to existing Greggs market environments.,False
40,Three Rivers | Three Rivers 009A,E01023835,Three Rivers 009A,Three Rivers,51.635703500000005,-0.5007174999999999,Urban,1423,29607.0,57884.0,11.247,7,5.079434304673177,0,0,0,1,0,4,5,0,3,2,2,KFC,28.4,88.1,36.08,48.61,60.17,42.26,39,44,38,85.21,Very High,Lower-Competition Local Markets,32.11,Moderate Similarity,Secondary,Secondary - Benchmark Aligned,Promising secondary market with reasonable alignment to existing Greggs market environments.,False
41,Cornwall | Cornwall 066D,E01018900,Cornwall 066D,Cornwall,50.152098,-5.10045,Urban,2206,39207.0,42676.0,12.977,7,12.7953594521122,0,0,0,4,0,3,3,0,2,2,1,McDonald's,29.23,92.07,28.69,47.92,60.51,41.66,43,38,42,84.96,Very High,Lower-Competition Local Markets,9.61,Low Similarity,Secondary,Secondary - Exploratory,Promising secondary market with more novel characteristics requiring additional validation.,False
42,"Bournemouth, Christchurch and Poole | Bournemouth, Christchurch and Poole 001C",E01015433,"Bournemouth, Christchurch and Poole 001C","Bournemouth, Christchurch and Poole",50.783499000000006,-1.979593,Rural,1417,29259.0,80839.0,3.632,10,5.059158173113071,0,0,0,11,0,3,9,0,2,1,2,Costa Coffee,32.63,88.08,28.69,48.08,59.37,42.74,42,49,36,84.46,Very High,Lower-Competition Local Markets,15.42,Low Similarity,Secondary,Secondary - Exploratory,Promising secondary market with more novel characteristics requiring additional validation.,False
43,Cheshire East | Cheshire East 032A,E01018432,Cheshire East 032A,Cheshire East,53.137741,-2.372555,Urban,1378,24692.0,35835.0,11.84,7,5.629038764521981,0,0,0,12,2,8,8,2,2,3,5,McDonald's,21.85,88.68,41.85,47.9,60.26,40.22,44,39,52,83.46,High,Lower-Competition Local Markets,72.06,Moderate Similarity,Secondary,Secondary - Benchmark Aligned,Promising secondary market with reasonable alignment to existing Greggs market environments.,False
44,Rochford | Rochford 001D,E01021945,Rochford 001D,Rochford,51.620187,0.614852,Rural,1708,29514.0,75157.0,8.225,9,7.618240210017411,0,0,0,1,0,2,6,0,2,1,1,McDonald's,31.68,90.11,26.02,47.51,59.48,41.95,47,48,41,83.33,Very High,Lower-Competition Local Markets,33.12,Moderate Similarity,Secondary,Secondary - Benchmark Aligned,Promising secondary market with reasonable alignment to existing Greggs market environments.,False
45,Kirklees | Kirklees 049A,E01011071,Kirklees 049A,Kirklees,53.620669,-1.856341,Urban,1968,34152.0,98721.0,12.672,7,5.389328423473025,0,0,0,15,1,1,3,1,1,1,0,Subway,38.07,88.45,19.3,47.55,58.57,43.45,46,60,34,82.83,High,Lower-Competition Local Markets,66.88,Moderate Similarity,Secondary,Secondary - Benchmark Aligned,Promising secondary market with reasonable alignment to existing Greggs market environments.,False
46,Wealden | Wealden 021C,E01021234,Wealden 021C,Wealden,50.8078905,0.2375785,Urban,1375,31412.0,75238.0,4.797,10,5.382139936417948,0,0,0,0,0,2,6,0,2,1,1,Costa Coffee,32.5,88.44,26.02,47.34,58.85,42.07,48,56,40,82.27,High,Lower-Competition Local Markets,14.92,Low Similarity,Secondary,Secondary - Exploratory,Promising secondary market with more novel characteristics requiring additional validation.,False
47,Uttlesford | Uttlesford 006E,E01035178,Uttlesford 006E,Uttlesford,51.879698,0.25762799999999997,Rural,1922,7111.0,22028.0,16.23,6,6.797594947347435,0,0,0,0,2,9,13,2,4,5,4,Burger King,10.82,89.63,56.54,48.18,61.65,38.01,41,35,69,82.21,High,Lower-Competition Local Markets,76.99,High Similarity,Secondary,Secondary - Benchmark Aligned,Promising secondary market with reasonable alignment to existing Greggs market environments.,False
48,Sevenoaks | Sevenoaks 010B,E01024460,Sevenoaks 010B,Sevenoaks,51.286681,0.200142,Urban,1759,37108.0,40526.0,17.181,6,8.911106176783752,0,0,0,2,0,3,3,0,2,1,2,McDonald's,27.98,90.84,28.69,47.05,59.59,40.73,49,46,51,82.08,High,Lower-Competition Local Markets,49.3,Moderate Similarity,Secondary,Secondary - Benchmark Aligned,Promising secondary market with reasonable alignment to existing Greggs market environments.,False
49,South Norfolk | South Norfolk 003D,E01026908,South Norfolk 003D,South Norfolk,52.605061,1.187312,Rural,2791,12042.0,52739.0,6.282,9,5.394730711685122,0,0,0,2,0,4,5,0,4,3,1,Burger King,19.92,88.45,43.98,47.7,60.2,39.64,45,42,59,82.02,High,Lower-Competition Local Markets,0.13,Low Similarity,Secondary,Secondary - Exploratory,Promising secondary market with more novel characteristics requiring additional validation.,False
50,Isle of Wight | Isle of Wight 006B,E01017283,Isle of Wight 006B,Isle of Wight,50.710402,-1.178153,Rural,1691,25444.0,34719.0,20.21,5,10.270563511733767,0,0,0,0,0,4,4,0,3,2,2,Costa Coffee,21.94,91.4,36.08,47.02,60.2,39.37,50,42,61,81.14,High,Lower-Competition Local Markets,53.73,Moderate Similarity,Secondary,Secondary - Benchmark Aligned,Promising secondary market with reasonable alignment to existing Greggs market environments.,False
51,Milton Keynes | Milton Keynes 010B,E01016817,Milton Keynes 010B,Milton Keynes,52.057066500000005,-0.8444095,Urban,1503,29539.0,72085.0,18.691,5,5.356728344046656,0,0,0,8,1,2,5,1,2,1,1,Costa Coffee,31.13,88.41,26.02,46.78,58.49,41.31,51,61,47,80.45,High,Lower-Competition Local Markets,97.72,High Similarity,Watchlist,Watchlist,Longer-term screening candidate requiring stronger supporting evidence.,False
52,Reigate and Banstead | Reigate and Banstead 007D,E01030592,Reigate and Banstead 007D,Reigate and Banstead,51.301282,-0.215798,Urban,1870,36585.0,81151.0,7.625,9,5.030537483885838,0,0,0,1,0,1,4,0,1,0,1,Costa Coffee,35.76,88.04,19.3,46.51,57.78,42.1,54,67,39,80.33,High,Lower-Competition Local Markets,22.63,Low Similarity,Watchlist,Watchlist,Longer-term screening candidate requiring stronger supporting evidence.,False
53,Cheshire East | Cheshire East 047D,E01018456,Cheshire East 047D,Cheshire East,53.067415,-2.505897,Urban,1300,29054.0,69369.0,2.405,10,5.552265239779677,0,0,0,12,0,2,5,0,2,1,1,Costa Coffee,30.43,88.62,26.02,46.56,58.42,40.97,52,62,48,80.08,High,Lower-Competition Local Markets,8.47,Low Similarity,Watchlist,Watchlist,Longer-term screening candidate requiring stronger supporting evidence.,False
54,Bath and North East Somerset | Bath and North East Somerset 025A,E01014420,Bath and North East Somerset 025A,Bath and North East Somerset,51.2919945,-2.4763835,Urban,1504,31455.0,48320.0,15.767,6,11.645542370241294,0,0,0,4,1,2,2,1,2,1,1,Costa Coffee,27.2,91.8,26.02,46.23,59.2,39.83,56,50,56,80.07,High,Lower-Competition Local Markets,95.83,High Similarity,Watchlist,Watchlist,Longer-term screening candidate requiring stronger supporting evidence.,False
55,North East Derbyshire | North East Derbyshire 010B,E01019774,North East Derbyshire 010B,North East Derbyshire,53.17663,-1.42423,Urban,1792,25507.0,47747.0,10.787,8,6.1935818354507415,0,0,0,1,2,3,3,2,3,2,1,Costa Coffee,24.54,89.19,33.24,46.54,59.04,39.65,53,53,58,79.82,High,Lower-Competition Local Markets,80.91,High Similarity,Watchlist,Watchlist,Longer-term screening candidate requiring stronger supporting evidence.,False
56,Wealden | Wealden 009F,E01021226,Wealden 009F,Wealden,50.977322,0.109044,Urban,1372,19719.0,25582.0,9.512,8,14.877573765178768,0,0,0,0,0,5,5,0,3,4,1,Subway,17.35,92.38,38.88,46.32,60.25,37.74,55,40,73,79.32,High,Lower-Competition Local Markets,22.88,Low Similarity,Watchlist,Watchlist,Longer-term screening candidate requiring stronger supporting evidence.,False
57,St. Helens | St. Helens 002B,E01006804,St. Helens 002B,St. Helens,53.49817,-2.70332,Rural,1524,20015.0,113805.0,18.678,5,5.05548017981888,0,0,0,3,0,1,6,0,1,0,1,Costa Coffee,34.89,88.08,19.3,46.17,57.59,41.63,57,70,43,79.07,High,Lower-Competition Local Markets,51.58,Moderate Similarity,Watchlist,Watchlist,Longer-term screening candidate requiring stronger supporting evidence.,False
58,Surrey Heath | Surrey Heath 006A,E01030761,Surrey Heath 006A,Surrey Heath,51.3222145,-0.6351260000000001,Urban,2492,36644.0,74456.0,7.549,9,5.303514746438834,0,0,0,3,0,1,2,0,1,0,1,Costa Coffee,34.53,88.35,19.3,46.11,57.63,41.49,58,69,46,78.63,High,Lower-Competition Local Markets,2.02,Low Similarity,Watchlist,Watchlist,Longer-term screening candidate requiring stronger supporting evidence.,False
59,Southend-on-Sea | Southend-on-Sea 013D,E01015879,Southend-on-Sea 013D,Southend-on-Sea,51.541709,0.786888,Urban,1446,38836.0,70735.0,38.545,2,5.090649705971296,0,0,0,4,0,1,5,0,1,0,1,Costa Coffee,34.71,88.11,19.3,46.11,57.56,41.54,58,71,44,78.63,High,Lower-Competition Local Markets,11.25,Low Similarity,Watchlist,Watchlist,Longer-term screening candidate requiring stronger supporting evidence.,False
60,Wychavon | Wychavon 003B,E01032360,Wychavon 003B,Wychavon,52.266330499999995,-2.1396105,Urban,1949,28344.0,32980.0,18.755,5,6.475910108587367,0,0,0,3,1,3,3,1,3,2,1,Subway,22.81,89.41,33.24,45.92,58.72,38.74,60,59,63,77.57,High,Lower-Competition Local Markets,75.6,High Similarity,Watchlist,Watchlist,Longer-term screening candidate requiring stronger supporting evidence.,False
61,Cannock Chase | Cannock Chase 006B,E01029398,Cannock Chase 006B,Cannock Chase,52.705596,-1.941545,Rural,1632,18728.0,81632.0,14.981,6,6.020354577726777,0,0,0,3,0,2,7,0,2,1,1,Costa Coffee,28.28,89.04,26.02,45.83,58.1,39.87,62,65,55,77.57,High,Lower-Competition Local Markets,51.71,Moderate Similarity,Watchlist,Watchlist,Longer-term screening candidate requiring stronger supporting evidence.,False
62,Barnsley | Barnsley 006B,E01007330,Barnsley 006B,Barnsley,53.595721,-1.383464,Rural,1774,25287.0,64826.0,23.363,4,6.157625928264993,0,0,0,9,0,2,2,0,2,1,1,Costa Coffee,27.86,89.16,26.02,45.7,58.05,39.66,64,66,57,76.94,High,Lower-Competition Local Markets,43.74,Moderate Similarity,Watchlist,Watchlist,Longer-term screening candidate requiring stronger supporting evidence.,False
63,North Yorkshire | Scarborough 011B,E01027808,Scarborough 011B,North Yorkshire,54.234344,-0.383474,Urban,1650,14500.0,26122.0,12.266,7,5.416920792112741,0,0,0,18,1,4,5,1,4,3,1,Subway,15.38,88.48,43.98,45.89,59.08,37.15,61,52,78,76.44,High,Lower-Competition Local Markets,94.44,High Similarity,Watchlist,Watchlist,Longer-term screening candidate requiring stronger supporting evidence.,False
64,Tandridge | Tandridge 006A,E01030831,Tandridge 006A,Tandridge,51.257206,0.004228,Urban,2251,16347.0,25284.0,4.173,10,6.287247938878254,0,0,0,1,1,8,9,1,2,2,6,Costa Coffee,15.97,89.27,41.85,45.72,59.09,37.1,63,51,79,76.19,High,Lower-Competition Local Markets,11.76,Low Similarity,Watchlist,Watchlist,Longer-term screening candidate requiring stronger supporting evidence.,False
65,Bedford | Bedford 004I,E01034413,Bedford 004I,Bedford,52.156543,-0.395998,Rural,1110,17553.0,54950.0,13.952,7,5.481075809145928,0,0,0,2,0,3,4,0,3,3,0,McDonald's,22.8,88.54,33.24,45.65,58.28,38.56,66,63,65,76.06,High,Lower-Competition Local Markets,5.44,Low Similarity,Watchlist,Watchlist,Longer-term screening candidate requiring stronger supporting evidence.,False
66,Torridge | Torridge 002B,E01020300,Torridge 002B,Torridge,51.026962,-4.211753,Urban,1867,28379.0,32689.0,8.978,8,11.450239878919731,0,0,0,0,0,3,3,0,2,1,2,Costa Coffee,22.76,91.74,28.69,45.23,58.73,38.04,68,58,68,76.06,High,Lower-Competition Local Markets,25.54,Moderate Similarity,Watchlist,Watchlist,Longer-term screening candidate requiring stronger supporting evidence.,False
67,South Cambridgeshire | South Cambridgeshire 006D,E01018260,South Cambridgeshire 006D,South Cambridgeshire,52.250201,0.106466,Urban,1943,28964.0,85035.0,2.962,10,5.0791907784450645,0,0,0,3,0,1,6,0,1,0,1,Costa Coffee,33.31,88.1,19.3,45.54,57.2,40.77,67,78,50,75.88,High,Lower-Competition Local Markets,12.39,Low Similarity,Watchlist,Watchlist,Longer-term screening candidate requiring stronger supporting evidence.,False
68,Rotherham | Rotherham 033D,E01007752,Rotherham 033D,Rotherham,53.325386,-1.2598120000000002,Rural,1508,11596.0,36977.0,7.432,9,5.673354922052366,0,0,0,6,0,6,6,0,3,6,0,KFC,16.45,88.74,41.51,45.66,58.86,37.17,65,55,77,75.69,High,Lower-Competition Local Markets,30.09,Moderate Similarity,Watchlist,Watchlist,Longer-term screening candidate requiring stronger supporting evidence.,False
69,St Albans | St Albans 005D,E01023698,St Albans 005D,St Albans,51.802485000000004,-0.3381475,Urban,1494,27739.0,68792.0,0.938,10,5.505677008903615,0,0,0,2,0,2,4,0,1,0,2,Costa Coffee,29.7,88.57,22.26,45.13,57.27,39.61,69,75,60,74.81,High,Lower-Competition Local Markets,14.03,Low Similarity,Watchlist,Watchlist,Longer-term screening candidate requiring stronger supporting evidence.,False
70,South Kesteven | South Kesteven 016E,E01026357,South Kesteven 016E,South Kesteven,52.657582,-0.5082445,Urban,1349,21980.0,26611.0,8.37,9,12.595500053816863,0,0,0,4,0,3,3,0,3,2,1,Costa Coffee,18.61,92.02,33.24,45.02,58.97,36.95,70,54,80,74.81,High,Lower-Competition Local Markets,19.09,Low Similarity,Watchlist,Watchlist,Longer-term screening candidate requiring stronger supporting evidence.,False
71,North East Derbyshire | North East Derbyshire 014C,E01019815,North East Derbyshire 014C,North East Derbyshire,53.296029000000004,-1.326997,Rural,2707,24065.0,59686.0,21.482,5,5.315504534315415,0,0,0,1,0,2,8,0,2,1,1,Costa Coffee,26.41,88.37,26.02,44.88,57.29,38.7,71,73,64,74.31,High,Lower-Competition Local Markets,0.38,Low Similarity,Watchlist,Watchlist,Longer-term screening candidate requiring stronger supporting evidence.,False
72,Buckinghamshire | Buckinghamshire 002B,E01017645,Buckinghamshire 002B,Buckinghamshire,52.000624,-0.98589,Urban,1468,16073.0,22561.0,19.762,5,13.089875927221257,0,0,0,11,2,4,4,2,3,2,2,Subway,15.06,92.13,36.08,44.49,58.85,35.73,72,56,91,72.87,High,Lower-Competition Local Markets,94.18,High Similarity,Watchlist,Watchlist,Longer-term screening candidate requiring stronger supporting evidence.,False
73,Staffordshire Moorlands | Staffordshire Moorlands 012E,E01029800,Staffordshire Moorlands 012E,Staffordshire Moorlands,52.964511,-2.064149,Urban,1591,23169.0,52973.0,7.256,9,5.9754245908064485,0,0,0,0,0,2,3,0,2,2,0,McDonald's,24.77,89.0,26.02,44.41,57.2,37.93,74,78,71,72.37,High,Lower-Competition Local Markets,31.98,Moderate Similarity,Watchlist,Watchlist,Longer-term screening candidate requiring stronger supporting evidence.,False
74,Mole Valley | Mole Valley 011B,E01030545,Mole Valley 011B,Mole Valley,51.214166,-0.32398950000000004,Urban,1487,19420.0,28597.0,7.41,9,9.01546089125499,0,0,0,2,0,3,3,0,3,2,1,Costa Coffee,17.96,90.89,33.24,44.42,58.24,36.37,73,64,87,72.31,High,Lower-Competition Local Markets,28.45,Moderate Similarity,Watchlist,Watchlist,Longer-term screening candidate requiring stronger supporting evidence.,False
75,Buckinghamshire | Buckinghamshire 061D,E01017898,Buckinghamshire 061D,Buckinghamshire,51.577076,-0.759594,Urban,1262,23330.0,54483.0,17.224,6,5.11861274155193,0,0,0,11,0,2,9,0,2,1,1,Subway,25.12,88.15,26.02,44.3,56.86,37.95,75,84,70,71.68,High,Lower-Competition Local Markets,17.45,Low Similarity,Watchlist,Watchlist,Longer-term screening candidate requiring stronger supporting evidence.,False
76,Lewes | Lewes 011E,E01021082,Lewes 011E,Lewes,50.7861625,0.080197,Urban,1603,29171.0,40743.0,7.932,9,5.329743766926335,0,0,0,1,0,2,2,0,2,2,0,McDonald's,24.74,88.38,26.02,44.22,56.88,37.79,77,83,72,71.3,High,Lower-Competition Local Markets,34.01,Moderate Similarity,Watchlist,Watchlist,Longer-term screening candidate requiring stronger supporting evidence.,False
77,Wigan | Wigan 002D,E01006237,Wigan 002D,Wigan,53.589905,-2.650966,Urban,1988,20776.0,86905.0,3.165,10,5.008881534252763,0,0,0,5,1,1,6,1,1,1,0,Subway,30.13,88.01,19.3,44.24,56.36,39.0,76,97,62,70.86,High,Lower-Competition Local Markets,30.09,Moderate Similarity,Watchlist,Watchlist,Longer-term screening candidate requiring stronger supporting evidence.,False
78,Cheshire West and Chester | Cheshire West and Chester 001D,E01018537,Cheshire West and Chester 001D,Cheshire West and Chester,53.2921055,-3.075603,Urban,2049,17559.0,32447.0,4.137,10,8.501098159194372,0,0,0,10,4,4,7,2,2,3,1,Costa Coffee,18.16,90.6,31.53,43.9,57.72,35.99,81,68,90,70.42,High,Competitive Urban Hubs,39.68,Moderate Similarity,Watchlist,Watchlist,Longer-term screening candidate requiring stronger supporting evidence.,False
79,"Bournemouth, Christchurch and Poole | Bournemouth, Christchurch and Poole 002D",E01020365,"Bournemouth, Christchurch and Poole 002D","Bournemouth, Christchurch and Poole",50.775583,-1.820668,Rural,1851,7703.0,85021.0,15.332,6,5.425184880480615,0,0,0,11,0,2,10,0,2,1,1,McDonald's,24.18,88.48,26.02,44.02,56.79,37.5,79,85,76,70.3,High,Lower-Competition Local Markets,37.93,Moderate Similarity,Watchlist,Watchlist,Longer-term screening candidate requiring stronger supporting evidence.,False
80,West Berkshire | West Berkshire 011F,E01016339,West Berkshire 011F,West Berkshire,51.394049,-1.244475,Urban,2924,25569.0,48246.0,10.587,8,5.025570558174898,0,0,0,5,0,2,3,0,2,1,1,Costa Coffee,24.67,88.03,26.02,44.08,56.69,37.68,78,88,74,70.3,High,Lower-Competition Local Markets,0.13,Low Similarity,Watchlist,Watchlist,Longer-term screening candidate requiring stronger supporting evidence.,False
81,Colchester | Colchester 017D,E01021739,Colchester 017D,Colchester,51.860779,0.9637245,Rural,1478,15206.0,70891.0,5.318,10,5.200917927135128,0,0,0,7,0,3,6,0,1,3,0,Subway,24.96,88.25,24.92,43.94,56.6,37.61,80,89,75,69.8,High,Lower-Competition Local Markets,21.87,Low Similarity,Watchlist,Watchlist,Longer-term screening candidate requiring stronger supporting evidence.,False
82,Chorley | Chorley 011E,E01024966,Chorley 011E,Chorley,53.642667,-2.721367,Rural,1889,7583.0,42629.0,7.909,9,6.04065778606354,0,0,0,4,0,4,7,0,3,4,0,Subway,15.81,89.06,36.08,43.87,57.5,35.53,82,72,94,69.3,High,Lower-Competition Local Markets,21.62,Low Similarity,Watchlist,Watchlist,Longer-term screening candidate requiring stronger supporting evidence.,False
83,Thurrock | Thurrock 013D,E01015950,Thurrock 013D,Thurrock,51.484365999999994,0.400371,Rural,1812,23768.0,72818.0,18.187,5,5.176082083879083,0,0,0,6,0,1,4,0,1,1,0,McDonald's,28.8,88.22,19.3,43.78,56.14,38.31,83,104,66,68.67,Moderate,Lower-Competition Local Markets,43.62,Moderate Similarity,Watchlist,Watchlist,Longer-term screening candidate requiring stronger supporting evidence.,False
84,Chelmsford | Chelmsford 021C,E01021595,Chelmsford 021C,Chelmsford,51.626765,0.526488,Urban,1903,35965.0,47168.0,15.242,6,5.0484474733867755,0,0,0,5,0,1,3,0,1,1,0,Subway,28.75,88.06,19.3,43.71,56.04,38.25,84,107,67,68.05,Moderate,Lower-Competition Local Markets,32.74,Moderate Similarity,Watchlist,Watchlist,Longer-term screening candidate requiring stronger supporting evidence.,False
85,Central Bedfordshire | Central Bedfordshire 015B,E01017400,Central Bedfordshire 015B,Central Bedfordshire,52.007555999999994,-0.48856049999999995,Urban,1562,29673.0,36159.0,35.209,2,6.699179527264033,0,0,0,7,1,2,2,1,1,0,2,Costa Coffee,24.02,89.57,22.26,43.16,56.36,36.69,85,97,83,67.1,High,Lower-Competition Local Markets,58.41,Moderate Similarity,Watchlist,Watchlist,Longer-term screening candidate requiring stronger supporting evidence.,False
86,Dover | Dover 005D,E01024225,Dover 005D,Dover,51.211255,1.3830465,Urban,1685,31912.0,33862.0,19.686,5,9.0335587056556,0,0,0,6,0,1,1,0,1,0,1,Costa Coffee,24.51,90.9,19.3,42.86,56.4,36.49,87,96,85,66.79,High,Lower-Competition Local Markets,54.24,Moderate Similarity,Watchlist,Watchlist,Longer-term screening candidate requiring stronger supporting evidence.,False
87,South Cambridgeshire | South Cambridgeshire 020D,E01033117,South Cambridgeshire 020D,South Cambridgeshire,52.220388,-0.081123,Urban,1350,14281.0,23302.0,10.965,8,7.796555246784767,0,0,0,3,0,3,3,0,3,2,1,Subway,14.48,90.19,33.24,42.82,57.02,34.31,88,81,102,66.35,Moderate,Lower-Competition Local Markets,22.88,Low Similarity,Watchlist,Watchlist,Longer-term screening candidate requiring stronger supporting evidence.,False
88,North Warwickshire | North Warwickshire 007C,E01031027,North Warwickshire 007C,North Warwickshire,52.478392,-1.562187,Rural,1732,3521.0,33216.0,17.241,6,6.028807621012938,0,0,0,4,0,5,5,0,3,5,0,Burger King,11.54,89.05,38.88,43.0,57.13,33.88,86,80,112,65.54,Moderate,Lower-Competition Local Markets,50.32,Moderate Similarity,Watchlist,Watchlist,Longer-term screening candidate requiring stronger supporting evidence.,False
89,South Oxfordshire | South Oxfordshire 004E,E01028684,South Oxfordshire 004E,South Oxfordshire,51.746777,-1.136554,Rural,1411,8342.0,40591.0,4.709,10,5.3080110641978875,0,0,0,3,0,3,7,0,3,3,0,Burger King,15.75,88.36,33.24,42.78,56.43,34.64,90,95,101,64.54,Moderate,Lower-Competition Local Markets,17.32,Low Similarity,Watchlist,Watchlist,Longer-term screening candidate requiring stronger supporting evidence.,False
90,Fylde | Fylde 008B,E01024982,Fylde 008B,Fylde,53.739542,-2.9911145,Urban,1396,31728.0,43048.0,14.681,6,5.3293898651679354,0,0,0,4,0,1,3,0,1,0,1,Costa Coffee,26.23,88.38,19.3,42.8,55.57,36.93,89,117,81,64.41,Moderate,Lower-Competition Local Markets,34.39,Moderate Similarity,Watchlist,Watchlist,Longer-term screening candidate requiring stronger supporting evidence.,False
91,Charnwood | Charnwood 006B,E01025741,Charnwood 006B,Charnwood,52.7670495,-1.283943,Urban,1448,24934.0,55831.0,3.895,10,5.17202681594364,0,0,0,4,1,1,7,1,1,1,0,McDonald's,26.04,88.21,19.3,42.67,55.44,36.79,91,121,82,63.54,Moderate,Lower-Competition Local Markets,55.5,Moderate Similarity,Watchlist,Watchlist,Longer-term screening candidate requiring stronger supporting evidence.,False
92,Sevenoaks | Sevenoaks 013E,E01024485,Sevenoaks 013E,Sevenoaks,51.269794,0.074969,Rural,1727,6364.0,13015.0,21.992,4,7.02508668608344,0,0,0,2,1,8,8,1,2,2,6,Costa Coffee,7.77,89.76,41.85,42.59,57.28,32.69,92,74,131,63.16,Moderate,Lower-Competition Local Markets,97.09,High Similarity,Watchlist,Watchlist,Longer-term screening candidate requiring stronger supporting evidence.,False
93,Bromsgrove | Bromsgrove 009D,E01032125,Bromsgrove 009D,Bromsgrove,52.350898,-1.9662994999999999,Rural,1508,7422.0,39904.0,6.711,9,5.094985925592156,0,0,0,6,0,3,3,0,3,3,0,Subway,15.18,88.12,33.24,42.48,56.17,34.28,93,103,103,62.84,Lower,Lower-Competition Local Markets,27.43,Moderate Similarity,Watchlist,Watchlist,Longer-term screening candidate requiring stronger supporting evidence.,False
94,Ashfield | Ashfield 010C,E01027997,Ashfield 010C,Ashfield,53.080261,-1.2407335,Urban,2382,23335.0,56861.0,11.695,7,5.141412162763318,0,0,0,3,0,1,1,0,1,1,0,Subway,25.6,88.18,19.3,42.48,55.32,36.54,93,123,84,62.72,Moderate,Lower-Competition Local Markets,4.42,Low Similarity,Watchlist,Watchlist,Longer-term screening candidate requiring stronger supporting evidence.,False
95,North Northamptonshire | North Northamptonshire 024B,E01027074,North Northamptonshire 024B,North Northamptonshire,52.331222,-0.560922,Rural,2061,18267.0,42573.0,10.416,8,5.1800560002892375,0,0,0,16,0,2,3,0,2,2,0,KFC,20.44,88.22,26.02,42.45,55.72,35.39,95,113,96,62.16,Moderate,Lower-Competition Local Markets,14.54,Low Similarity,Watchlist,Watchlist,Longer-term screening candidate requiring stronger supporting evidence.,False
96,Stockton-on-Tees | Stockton-on-Tees 024D,E01012300,Stockton-on-Tees 024D,Stockton-on-Tees,54.5003255,-1.3583075,Urban,1455,27701.0,47327.0,29.611,3,5.217370585404701,0,0,0,11,0,1,1,0,1,0,1,Costa Coffee,25.34,88.26,19.3,42.4,55.29,36.41,96,124,86,62.03,Moderate,Lower-Competition Local Markets,28.95,Moderate Similarity,Watchlist,Watchlist,Longer-term screening candidate requiring stronger supporting evidence.,False
97,South Kesteven | South Kesteven 010E,E01034703,South Kesteven 010E,South Kesteven,52.766948,-0.388365,Urban,1268,20455.0,23398.0,5.399,10,9.71583749751242,0,0,0,4,1,2,2,1,2,1,1,Costa Coffee,16.99,91.2,26.02,41.96,56.35,34.09,101,99,106,61.91,Lower,Lower-Competition Local Markets,27.81,Moderate Similarity,Watchlist,Watchlist,Longer-term screening candidate requiring stronger supporting evidence.,False
98,York | York 024C,E01013342,York 024C,York,53.901341,-1.105343,Rural,1502,8250.0,33130.0,8.875,8,5.948122847520473,0,0,0,6,0,3,3,0,3,2,1,McDonald's,14.19,88.98,33.24,42.34,56.35,33.91,97,99,111,61.84,Moderate,Lower-Competition Local Markets,33.38,Moderate Similarity,Watchlist,Watchlist,Longer-term screening candidate requiring stronger supporting evidence.,False
99,West Northamptonshire | West Northamptonshire 051E,E01035427,West Northamptonshire 051E,West Northamptonshire,52.044455,-1.148859,Urban,2569,16449.0,20490.0,7.011,9,10.25475433820794,0,0,0,10,1,3,3,1,2,1,2,Costa Coffee,14.61,91.39,28.69,41.87,56.52,33.49,104,91,117,61.15,Lower,Lower-Competition Local Markets,2.78,Low Similarity,Watchlist,Watchlist,Longer-term screening candidate requiring stronger supporting evidence.,False
100,North East Lincolnshire | North East Lincolnshire 023E,E01013217,North East Lincolnshire 023E,North East Lincolnshire,53.5138805,-0.107512,Urban,1343,24451.0,52941.0,7.882,9,5.0242965629581375,0,0,0,5,0,1,3,0,1,1,0,Subway,25.27,88.03,19.3,42.31,55.16,36.33,98,127,88,61.15,Moderate,Lower-Competition Local Markets,17.45,Low Similarity,Watchlist,Watchlist,Longer-term screening candidate requiring stronger supporting evidence.,False
101,East Riding of Yorkshire | East Riding of Yorkshire 011H,E01034754,East Riding of Yorkshire 011H,East Riding of Yorkshire,53.932114,-0.7682450000000001,Urban,1239,11806.0,13295.0,7.798,9,17.236133700858662,0,0,0,4,0,3,3,0,3,3,0,Burger King,10.45,92.61,33.24,41.93,57.23,32.58,102,76,135,61.09,Lower,Lower-Competition Local Markets,10.62,Low Similarity,Longlist,Longlist,Longer-term screening candidate requiring stronger supporting evidence.,False
102,Cheshire West and Chester | Cheshire West and Chester 004B,E01018569,Cheshire West and Chester 004B,Cheshire West and Chester,53.2946695,-2.997638,Rural,1292,19079.0,62181.0,3.441,10,5.323018248697334,0,0,0,10,0,1,5,0,1,1,0,Subway,24.73,88.37,19.3,42.19,55.19,36.1,99,126,89,61.03,Moderate,Lower-Competition Local Markets,9.36,Low Similarity,Longlist,Longlist,Longer-term screening candidate requiring stronger supporting evidence.,False
103,Wyre | Wyre 004G,E01025589,Wyre 004G,Wyre,53.9185195,-2.967073,Rural,1208,9095.0,41001.0,23.136,4,11.545222842816349,0,0,0,3,0,2,3,0,2,2,0,McDonald's,16.2,91.76,26.02,41.81,56.44,33.77,105,94,115,60.96,Lower,Lower-Competition Local Markets,12.52,Low Similarity,Longlist,Longlist,Longer-term screening candidate requiring stronger supporting evidence.,False
104,Cornwall | Cornwall 015D,E01018930,Cornwall 015D,Cornwall,50.4661675,-4.733594,Urban,1576,18321.0,19697.0,54.988,1,24.932627385833715,0,0,0,4,0,2,2,0,2,2,0,McDonald's,15.11,92.87,26.02,41.71,56.72,33.39,109,86,119,60.9,Lower,High-Deprivation Urban Core,17.74,Low Similarity,Longlist,Longlist,Longer-term screening candidate requiring stronger supporting evidence.,False
105,Stroud | Stroud 005D,E01022403,Stroud 005D,Stroud,51.750596,-2.289606,Urban,1647,18405.0,38643.0,31.658,3,5.1160103357147415,0,0,0,1,1,2,5,1,2,1,1,Costa Coffee,19.75,88.14,26.02,42.15,55.51,35.0,100,119,99,60.53,Moderate,Lower-Competition Local Markets,75.22,High Similarity,Longlist,Longlist,Longer-term screening candidate requiring stronger supporting evidence.,False
106,Cornwall | Cornwall 057G,E01034869,Cornwall 057G,Cornwall,50.184226,-5.4209,Rural,1697,15128.0,23458.0,35.801,2,27.634104646785822,0,0,0,4,0,2,3,0,2,1,1,Costa Coffee,14.94,92.92,26.02,41.66,56.7,33.31,110,87,123,60.21,Lower,Lower-Competition Local Markets,17.32,Low Similarity,Longlist,Longlist,Longer-term screening candidate requiring stronger supporting evidence.,False
107,New Forest | New Forest 011D,E01023006,New Forest 011D,New Forest,50.848066,-1.398436,Urban,1413,25806.0,43265.0,47.516,1,5.582916409257852,0,0,0,3,0,1,1,0,1,0,1,Costa Coffee,23.77,88.65,19.3,41.89,55.09,35.63,103,128,92,59.9,Lower,High-Deprivation Urban Core,10.2,Low Similarity,Longlist,Longlist,Longer-term screening candidate requiring stronger supporting evidence.,False
108,Isle of Wight | Isle of Wight 015B,E01017320,Isle of Wight 015B,Isle of Wight,50.645219,-1.17622,Urban,1052,23968.0,27882.0,12.641,7,16.85879899341444,0,0,0,0,1,1,1,1,1,1,0,KFC,19.78,92.57,19.3,41.47,56.06,34.22,116,106,104,59.53,Lower,Lower-Competition Local Markets,6.57,Low Similarity,Longlist,Longlist,Longer-term screening candidate requiring stronger supporting evidence.,False
109,Bolsover | Bolsover 002A,E01019492,Bolsover 002A,Bolsover,53.277653,-1.249971,Rural,1823,18630.0,28377.0,29.315,3,6.72210379466938,0,0,0,0,0,2,8,0,2,1,1,McDonald's,17.63,89.59,26.02,41.74,55.71,34.12,108,116,105,59.15,Lower,Lower-Competition Local Markets,28.45,Moderate Similarity,Longlist,Longlist,Longer-term screening candidate requiring stronger supporting evidence.,False
110,Dorset | Dorset 011B,E01020436,Dorset 011B,Dorset,50.868266,-2.154515,Urban,2197,18056.0,19914.0,11.434,7,16.02335475115482,0,0,0,12,0,2,2,0,2,1,1,Subway,15.08,92.49,26.02,41.58,56.52,33.3,113,91,124,59.15,Lower,Lower-Competition Local Markets,9.36,Low Similarity,Longlist,Longlist,Longer-term screening candidate requiring stronger supporting evidence.,False
111,North Yorkshire | Hambleton 006C,E01027589,Hambleton 006C,North Yorkshire,54.292059,-1.582809,Rural,2016,8893.0,11638.0,11.264,7,10.956720714891285,0,0,0,18,1,4,4,1,3,2,2,Costa Coffee,8.76,91.61,36.08,41.81,57.02,32.16,105,81,142,59.15,Lower,Lower-Competition Local Markets,56.64,Moderate Similarity,Longlist,Longlist,Longer-term screening candidate requiring stronger supporting evidence.,False
112,Rossendale | Rossendale 010E,E01025394,Rossendale 010E,Rossendale,53.704,-2.249202,Urban,1534,23368.0,48939.0,29.473,3,5.043919626267391,0,0,0,1,0,1,1,0,1,1,0,McDonald's,23.93,88.06,19.3,41.78,54.84,35.6,107,136,93,58.21,Lower,Lower-Competition Local Markets,34.13,Moderate Similarity,Longlist,Longlist,Longer-term screening candidate requiring stronger supporting evidence.,False
113,Cornwall | Cornwall 024B,E01019053,Cornwall 024B,Cornwall,50.405896,-4.828595,Rural,2325,6482.0,11960.0,33.725,2,17.141104577802153,0,0,0,4,0,4,4,0,3,2,2,Costa Coffee,7.57,92.6,36.08,41.63,57.21,31.7,112,77,148,58.15,Lower,Lower-Competition Local Markets,3.03,Low Similarity,Longlist,Longlist,Longer-term screening candidate requiring stronger supporting evidence.,False
114,Isle of Wight | Isle of Wight 003B,E01017308,Isle of Wight 003B,Isle of Wight,50.752280999999996,-1.282142,Rural,1708,23987.0,27408.0,23.913,4,12.401286950918774,0,0,0,0,0,1,1,0,1,0,1,Costa Coffee,19.69,91.98,19.3,41.26,55.74,34.05,121,112,108,57.64,Lower,Lower-Competition Local Markets,48.42,Moderate Similarity,Longlist,Longlist,Longer-term screening candidate requiring stronger supporting evidence.,False
115,Teignbridge | Teignbridge 006B,E01020233,Teignbridge 006B,Teignbridge,50.56579,-3.4781310000000003,Urban,1868,25067.0,33797.0,8.047,9,7.648207647937454,0,0,0,2,0,1,1,0,1,0,1,Costa Coffee,21.58,90.12,19.3,41.46,55.28,34.72,117,125,100,57.52,Lower,Lower-Competition Local Markets,23.39,Low Similarity,Longlist,Longlist,Longer-term screening candidate requiring stronger supporting evidence.,False
116,Wirral | Wirral 026B,E01007197,Wirral 026B,Wirral,53.374065,-3.176831,Urban,1629,20573.0,52919.0,4.289,10,5.141824668535968,0,0,0,5,1,1,2,1,1,0,1,Costa Coffee,23.53,88.18,19.3,41.66,54.8,35.4,110,139,95,57.2,Lower,Lower-Competition Local Markets,66.25,Moderate Similarity,Longlist,Longlist,Longer-term screening candidate requiring stronger supporting evidence.,False
117,South Oxfordshire | South Oxfordshire 001D,E01028669,South Oxfordshire 001D,South Oxfordshire,51.751580000000004,-0.9771815,Urban,1306,16175.0,21553.0,5.779,9,13.457857480037042,0,0,0,3,2,2,2,2,2,1,1,Costa Coffee,14.86,92.2,26.02,41.41,56.32,33.12,118,102,128,56.77,Lower,Lower-Competition Local Markets,36.28,Moderate Similarity,Longlist,Longlist,Longer-term screening candidate requiring stronger supporting evidence.,False
118,Cornwall | Cornwall 071F,E01018887,Cornwall 071F,Cornwall,50.100392,-5.275516,Urban,1965,12270.0,17713.0,24.351,4,24.064741738307273,0,0,0,4,1,3,3,1,2,2,1,Costa Coffee,11.95,92.85,28.69,41.24,56.58,32.32,122,90,138,56.52,Lower,Lower-Competition Local Markets,69.28,Moderate Similarity,Longlist,Longlist,Longer-term screening candidate requiring stronger supporting evidence.,False
119,Wealden | Wealden 006D,E01021154,Wealden 006D,Wealden,51.049588,0.187131,Urban,1541,24794.0,26271.0,17.457,5,10.874705941675876,0,0,0,0,0,1,1,0,1,0,1,Costa Coffee,19.73,91.58,19.3,41.16,55.55,33.99,124,118,110,56.27,Lower,Lower-Competition Local Markets,52.59,Moderate Similarity,Longlist,Longlist,Longer-term screening candidate requiring stronger supporting evidence.,False
120,Kirklees | Kirklees 046B,E01011192,Kirklees 046B,Kirklees,53.636641499999996,-1.6940445,Rural,1612,14565.0,63221.0,23.458,4,5.197798603016497,0,0,0,15,0,1,2,0,1,1,0,McDonald's,23.1,88.24,19.3,41.5,54.72,35.18,114,141,97,56.14,Lower,Lower-Competition Local Markets,51.07,Moderate Similarity,Longlist,Longlist,Longer-term screening candidate requiring stronger supporting evidence.,False
121,Canterbury | Canterbury 002A,E01024094,Canterbury 002A,Canterbury,51.369859,1.17052,Urban,2645,19470.0,37023.0,15.638,6,10.372992726049821,0,0,0,2,0,1,1,0,1,1,0,Subway,19.81,91.43,19.3,41.14,55.49,34.01,125,120,109,56.01,Lower,Lower-Competition Local Markets,0.76,Low Similarity,Longlist,Longlist,Longer-term screening candidate requiring stronger supporting evidence.,False
122,Bedford | Bedford 002F,E01017547,Bedford 002F,Bedford,52.126075,-0.543322,Rural,1635,13735.0,65302.0,11.07,8,5.1550636116028965,0,0,0,2,0,1,10,0,1,1,0,Subway,23.12,88.2,19.3,41.5,54.71,35.18,114,142,97,56.01,Lower,Lower-Competition Local Markets,42.48,Moderate Similarity,Longlist,Longlist,Longer-term screening candidate requiring stronger supporting evidence.,False
123,Uttlesford | Uttlesford 002E,E01022080,Uttlesford 002E,Uttlesford,52.010551,0.245348,Urban,1435,19014.0,25876.0,5.818,9,12.33352247671304,0,0,0,0,1,2,2,1,1,0,2,Costa Coffee,17.14,91.97,22.26,41.12,55.83,33.39,127,110,119,55.64,Lower,Lower-Competition Local Markets,61.69,Moderate Similarity,Longlist,Longlist,Longer-term screening candidate requiring stronger supporting evidence.,False
124,Brentwood | Brentwood 002D,E01021460,Brentwood 002D,Brentwood,51.656287,0.364535,Rural,1867,12706.0,45727.0,14.866,6,5.040952434000246,0,0,0,2,0,3,4,0,1,3,0,McDonald's,18.64,88.06,24.92,41.35,54.92,34.09,119,134,106,55.33,Lower,Lower-Competition Local Markets,36.03,Moderate Similarity,Longlist,Longlist,Longer-term screening candidate requiring stronger supporting evidence.,False
125,North Yorkshire | Ryedale 009B,E01034968,Ryedale 009B,North Yorkshire,54.141876,-0.800274,Urban,1769,16792.0,16792.0,4.57,10,23.35105036451534,0,0,0,18,1,2,2,1,2,1,1,Costa Coffee,13.69,92.83,26.02,41.13,56.34,32.6,126,101,133,55.2,Lower,Lower-Competition Local Markets,61.31,Moderate Similarity,Longlist,Longlist,Longer-term screening candidate requiring stronger supporting evidence.,False
126,Vale of White Horse | Vale of White Horse 010C,E01028732,Vale of White Horse 010C,Vale of White Horse,51.615912,-1.31109,Urban,1849,12172.0,41528.0,10.111,8,5.042375640766948,0,0,0,2,2,2,4,2,2,1,1,McDonald's,17.65,88.06,26.02,41.28,54.95,33.82,120,132,114,54.51,Lower,Lower-Competition Local Markets,74.34,Moderate Similarity,Longlist,Longlist,Longer-term screening candidate requiring stronger supporting evidence.,False
127,Tewkesbury | Tewkesbury 004D,E01022453,Tewkesbury 004D,Tewkesbury,51.9640545,-2.062737,Rural,2382,18799.0,25262.0,6.209,9,5.637592528718598,0,0,0,2,0,2,3,0,2,1,1,Subway,16.89,88.7,26.02,41.17,55.08,33.53,123,129,116,54.26,Lower,Lower-Competition Local Markets,2.53,Low Similarity,Longlist,Longlist,Longer-term screening candidate requiring stronger supporting evidence.,False
128,Rutland | Rutland 003A,E01013798,Rutland 003A,Rutland,52.677996,-0.7237315,Urban,1327,16271.0,16271.0,2.665,10,14.613127566910562,0,0,0,0,2,2,2,2,2,1,1,Costa Coffee,13.32,92.35,26.02,40.84,56.01,32.3,129,108,139,53.26,Lower,Lower-Competition Local Markets,28.32,Moderate Similarity,Longlist,Longlist,Longer-term screening candidate requiring stronger supporting evidence.,False
129,Staffordshire Moorlands | Staffordshire Moorlands 006D,E01029813,Staffordshire Moorlands 006D,Staffordshire Moorlands,53.092728,-2.034158,Urban,2171,21415.0,26227.0,8.272,9,12.228627246262139,0,0,0,0,0,1,1,0,1,1,0,McDonald's,18.23,91.94,19.3,40.66,55.35,33.24,132,122,126,52.76,Lower,Lower-Competition Local Markets,8.47,Low Similarity,Longlist,Longlist,Longer-term screening candidate requiring stronger supporting evidence.,False
130,Wychavon | Wychavon 019D,E01032373,Wychavon 019D,Wychavon,52.074068499999996,-2.115901,Rural,1388,2874.0,9992.0,9.414,8,9.172088690430789,0,0,0,3,0,7,7,0,2,2,5,Costa Coffee,4.72,90.95,39.47,41.01,56.52,30.65,128,91,165,52.01,Lower,Lower-Competition Local Markets,24.15,Low Similarity,Longlist,Longlist,Longer-term screening candidate requiring stronger supporting evidence.,False
131,Folkestone and Hythe | Folkestone and Hythe 009C,E01024536,Folkestone and Hythe 009C,Folkestone and Hythe,51.078779,1.025822,Rural,1904,5283.0,19873.0,13.876,7,8.715507285977438,0,0,0,3,0,3,4,0,3,3,0,Subway,9.1,90.72,33.24,40.83,55.94,31.46,130,109,151,51.5,Lower,Lower-Competition Local Markets,31.73,Moderate Similarity,Longlist,Longlist,Longer-term screening candidate requiring stronger supporting evidence.,False
132,Newark and Sherwood | Newark and Sherwood 001E,E01028340,Newark and Sherwood 001E,Newark and Sherwood,53.203403,-1.014908,Urban,1570,13787.0,18529.0,36.89,2,12.26544638046241,0,0,0,4,2,2,2,2,2,1,1,McDonald's,12.94,91.95,26.02,40.57,55.72,32.01,134,113,144,51.25,Lower,High-Deprivation Urban Core,61.86,Moderate Similarity,Longlist,Longlist,Longer-term screening candidate requiring stronger supporting evidence.,False
133,West Northamptonshire | West Northamptonshire 047B,E01027298,West Northamptonshire 047B,West Northamptonshire,52.120717,-0.9855395,Urban,3346,13803.0,18458.0,3.96,10,12.380097419533842,0,0,0,10,0,2,2,0,2,1,1,Costa Coffee,12.91,91.98,26.02,40.56,55.72,32.0,135,113,145,50.94,Lower,Competitive Urban Hubs,3.97,Low Similarity,Longlist,Longlist,Longer-term screening candidate requiring stronger supporting evidence.,False
134,Wiltshire | Wiltshire 016C,E01031902,Wiltshire 016C,Wiltshire,51.43911,-1.993225,Urban,1823,23412.0,24517.0,11.898,7,8.735813398205412,0,0,0,23,1,1,1,1,1,0,1,Costa Coffee,18.72,90.73,19.3,40.5,54.87,33.27,137,135,125,50.62,Lower,Lower-Competition Local Markets,81.67,High Similarity,Longlist,Longlist,Longer-term screening candidate requiring stronger supporting evidence.,False
135,North East Lincolnshire | North East Lincolnshire 007D,E01013226,North East Lincolnshire 007D,North East Lincolnshire,53.540814,-0.1702025,Rural,1436,6389.0,44797.0,10.577,8,5.8726664364047245,0,0,0,5,1,2,3,1,2,2,0,Subway,15.47,88.93,26.02,40.67,54.84,32.8,131,136,130,50.56,Lower,Lower-Competition Local Markets,78.0,High Similarity,Longlist,Longlist,Longer-term screening candidate requiring stronger supporting evidence.,False
136,Tonbridge and Malling | Tonbridge and Malling 007H,E01032828,Tonbridge and Malling 007H,Tonbridge and Malling,51.266803,0.393694,Rural,1145,12884.0,32568.0,3.655,10,9.097031828275005,0,0,0,2,2,2,3,1,1,0,2,Costa Coffee,16.16,90.91,22.26,40.42,55.06,32.64,139,130,132,50.06,Lower,Lower-Competition Local Markets,8.47,Low Similarity,Longlist,Longlist,Longer-term screening candidate requiring stronger supporting evidence.,False
137,Chichester | Chichester 007C,E01031531,Chichester 007C,Chichester,50.852522,-0.90568,Urban,1294,19705.0,40390.0,5.155,10,5.396988915436131,0,0,0,1,0,1,1,0,1,0,1,Costa Coffee,20.6,88.45,19.3,40.56,54.2,33.85,135,154,113,49.94,Lower,Lower-Competition Local Markets,11.88,Low Similarity,Longlist,Longlist,Longer-term screening candidate requiring stronger supporting evidence.,False
138,Buckinghamshire | Buckinghamshire 031B,E01017779,Buckinghamshire 031B,Buckinghamshire,51.68433,-0.703018,Rural,1142,18284.0,37815.0,7.225,9,6.6858915972355035,0,0,0,11,0,1,1,0,1,0,1,Costa Coffee,19.51,89.56,19.3,40.46,54.48,33.47,138,148,118,49.69,Lower,Lower-Competition Local Markets,4.68,Low Similarity,Longlist,Longlist,Longer-term screening candidate requiring stronger supporting evidence.,False
139,Swale | Swale 014E,E01024626,Swale 014E,Swale,51.308649,0.8848865,Urban,2412,22717.0,27119.0,9.161,8,7.3058707972498995,0,0,0,5,0,1,1,0,1,0,1,Costa Coffee,19.11,89.94,19.3,40.42,54.57,33.32,139,146,122,49.31,Lower,Lower-Competition Local Markets,2.91,Low Similarity,Longlist,Longlist,Longer-term screening candidate requiring stronger supporting evidence.,False
140,West Northamptonshire | West Northamptonshire 005C,E01027016,West Northamptonshire 005C,West Northamptonshire,52.305335,-1.090278,Rural,1461,4875.0,10962.0,10.468,8,7.211080326338584,0,0,0,10,0,6,6,0,2,2,4,Costa Coffee,6.33,89.88,36.96,40.58,55.76,30.7,133,111,164,49.25,Lower,Lower-Competition Local Markets,34.13,Moderate Similarity,Longlist,Longlist,Longer-term screening candidate requiring stronger supporting evidence.,False
141,Mid Devon | Mid Devon 007A,E01020054,Mid Devon 007A,Mid Devon,50.862142,-3.389724,Rural,2673,13573.0,19844.0,11.102,8,8.159289755460177,0,0,0,1,2,2,2,2,2,1,1,McDonald's,13.17,90.4,26.02,40.19,55.0,31.83,143,131,146,47.75,Lower,Competitive Urban Hubs,23.41,Low Similarity,Longlist,Longlist,Longer-term screening candidate requiring stronger supporting evidence.,False
142,Mansfield | Mansfield 002B,E01028225,Mansfield 002B,Mansfield,53.197467,-1.148623,Rural,1530,12631.0,51209.0,28.494,3,5.155831317239399,0,0,0,5,1,1,5,1,1,1,0,Subway,19.87,88.2,19.3,40.2,53.89,33.39,142,161,119,47.37,Lower,Lower-Competition Local Markets,83.44,High Similarity,Longlist,Longlist,Longer-term screening candidate requiring stronger supporting evidence.,False
143,Buckinghamshire | Buckinghamshire 024E,E01033968,Buckinghamshire 024E,Buckinghamshire,51.778228,-0.731628,Rural,1982,19278.0,34906.0,7.046,9,5.760983314414686,0,0,0,11,0,1,2,0,1,0,1,Costa Coffee,19.33,88.82,19.3,40.17,54.07,33.22,144,158,127,46.62,Lower,Lower-Competition Local Markets,14.79,Low Similarity,Longlist,Longlist,Longer-term screening candidate requiring stronger supporting evidence.,False
144,Lewes | Lewes 003E,E01021037,Lewes 003E,Lewes,50.8818475,-0.0031735,Urban,1478,18459.0,24404.0,41.535,2,10.184124878625685,0,0,0,1,0,1,1,0,1,1,0,Subway,16.57,91.36,19.3,39.83,54.65,32.21,146,143,141,46.49,Lower,Lower-Competition Local Markets,7.71,Low Similarity,Longlist,Longlist,Longer-term screening candidate requiring stronger supporting evidence.,False
145,Doncaster | Doncaster 001C,E01007634,Doncaster 001C,Doncaster,53.630631,-0.950533,Rural,1744,18194.0,19654.0,47.928,1,5.098194527912952,0,0,0,9,0,2,2,0,2,2,0,McDonald's,15.03,88.12,26.02,40.25,54.32,32.4,141,152,137,46.49,Lower,High-Deprivation Urban Core,19.73,Low Similarity,Longlist,Longlist,Longer-term screening candidate requiring stronger supporting evidence.,False
146,West Berkshire | West Berkshire 002B,E01016304,West Berkshire 002B,West Berkshire,51.491056,-1.53168,Rural,1585,4174.0,5625.0,16.094,6,13.017725477746533,0,0,0,5,0,4,4,0,3,4,0,Subway,4.23,92.11,36.08,40.15,56.13,29.77,145,105,184,45.93,Lower,Lower-Competition Local Markets,53.1,Moderate Similarity,Longlist,Longlist,Longer-term screening candidate requiring stronger supporting evidence.,False
147,Dacorum | Dacorum 003B,E01023419,Dacorum 003B,Dacorum,51.804297,-0.660569,Urban,2036,17060.0,27610.0,8.959,8,8.981368200503812,0,0,0,3,0,1,1,0,1,0,1,Costa Coffee,16.84,90.87,19.3,39.79,54.47,32.26,148,150,140,45.49,Lower,Lower-Competition Local Markets,14.54,Low Similarity,Longlist,Longlist,Longer-term screening candidate requiring stronger supporting evidence.,False
148,Braintree | Braintree 006B,E01021390,Braintree 006B,Braintree,51.949674,0.647856,Urban,2072,15335.0,26100.0,6.393,9,10.329429982937317,0,0,0,2,0,1,1,0,1,0,1,Costa Coffee,15.79,91.42,19.3,39.53,54.48,31.79,152,148,147,44.3,Lower,Lower-Competition Local Markets,11.38,Low Similarity,Longlist,Longlist,Longer-term screening candidate requiring stronger supporting evidence.,False
149,South Cambridgeshire | South Cambridgeshire 014E,E01018291,South Cambridgeshire 014E,South Cambridgeshire,52.141102,0.116376,Urban,1151,14215.0,43645.0,8.791,8,5.07588905187547,0,0,0,3,0,1,4,0,1,0,1,Costa Coffee,18.96,88.1,19.3,39.8,53.62,32.87,147,172,129,44.23,Lower,Lower-Competition Local Markets,5.82,Low Similarity,Longlist,Longlist,Longer-term screening candidate requiring stronger supporting evidence.,False
150,Arun | Arun 003F,E01031466,Arun 003F,Arun,50.8465605,-0.6219555,Urban,1564,10665.0,24587.0,15.404,6,5.55831990908843,0,0,0,5,0,2,2,0,2,2,0,Burger King,13.25,88.62,26.02,39.69,54.13,31.52,149,156,150,43.36,Lower,Lower-Competition Local Markets,51.07,Moderate Similarity,Longlist,Longlist,Longer-term screening candidate requiring stronger supporting evidence.,False
151,Horsham | Horsham 012A,E01031621,Horsham 012A,Horsham,50.941964,-0.459836,Rural,1681,14259.0,22878.0,4.031,10,14.97171030728168,0,0,0,1,0,1,1,0,1,0,1,Costa Coffee,14.33,92.39,19.3,39.24,54.6,31.18,155,144,156,43.36,Lower,Lower-Competition Local Markets,21.62,Low Similarity,Longlist,Longlist,Longer-term screening candidate requiring stronger supporting evidence.,False
152,Redcar and Cleveland | Redcar and Cleveland 020A,E01012120,Redcar and Cleveland 020A,Redcar and Cleveland,54.536101,-1.047439,Urban,1223,19027.0,25233.0,18.058,5,6.521800694505272,0,0,0,5,0,1,1,0,1,1,0,Subway,16.98,89.45,19.3,39.42,53.8,32.05,153,164,143,42.73,Lower,Lower-Competition Local Markets,13.91,Low Similarity,Longlist,Longlist,Longer-term screening candidate requiring stronger supporting evidence.,False
153,Rother | Rother 005D,E01021109,Rother 005D,Rother,50.892893,0.626722,Rural,1924,12091.0,45802.0,21.764,4,5.143877029810604,0,0,0,1,0,1,1,0,1,1,0,KFC,18.39,88.18,19.3,39.6,53.51,32.58,150,175,135,42.61,Lower,Lower-Competition Local Markets,31.98,Moderate Similarity,Longlist,Longlist,Longer-term screening candidate requiring stronger supporting evidence.,False
154,Dorset | Dorset 026A,E01020498,Dorset 026A,Dorset,50.745326,-2.739896,Urban,2018,15962.0,19576.0,14.44,6,14.654147758038247,0,0,0,12,0,1,1,0,1,0,1,Costa Coffee,14.16,92.35,19.3,39.16,54.54,31.08,157,147,157,42.6,Lower,Lower-Competition Local Markets,20.73,Low Similarity,Longlist,Longlist,Longer-term screening candidate requiring stronger supporting evidence.,False
155,Torbay | Torbay 017F,E01015188,Torbay 017F,Torbay,50.397194999999996,-3.5238215,Urban,1536,19406.0,30904.0,18.515,5,5.053686282979776,0,0,0,3,1,1,2,1,1,0,1,Costa Coffee,18.47,88.08,19.3,39.6,53.48,32.6,150,177,133,42.55,Lower,Lower-Competition Local Markets,98.86,High Similarity,Longlist,Longlist,Longer-term screening candidate requiring stronger supporting evidence.,False
156,Horsham | Horsham 010B,E01031612,Horsham 010B,Horsham,51.019838,-0.45637150000000004,Rural,2104,9874.0,15895.0,6.55,9,9.958432604700677,0,0,0,1,1,2,2,1,2,1,1,Subway,10.35,91.29,26.02,39.33,54.74,30.46,154,140,169,42.35,Lower,Lower-Competition Local Markets,27.05,Moderate Similarity,Longlist,Longlist,Longer-term screening candidate requiring stronger supporting evidence.,False
157,South Holland | South Holland 008C,E01026256,South Holland 008C,South Holland,52.78964,0.131736,Rural,1646,8273.0,14604.0,25.148,4,13.881026903961443,0,0,0,2,0,2,2,0,2,2,0,Subway,9.25,92.25,26.02,39.18,54.94,30.04,156,133,176,42.11,Lower,Lower-Competition Local Markets,48.04,Moderate Similarity,Longlist,Longlist,Longer-term screening candidate requiring stronger supporting evidence.,False
158,Mid Devon | Mid Devon 011C,E01020060,Mid Devon 011C,Mid Devon,50.791252,-3.658414,Rural,1667,9744.0,13989.0,25.033,4,9.871728931282428,0,0,0,1,1,2,2,1,2,1,1,Costa Coffee,9.78,91.25,26.02,39.09,54.58,30.13,159,145,174,40.47,Lower,Lower-Competition Local Markets,95.45,High Similarity,Longlist,Longlist,Longer-term screening candidate requiring stronger supporting evidence.,False
159,East Devon | East Devon 011B,E01019953,East Devon 011B,East Devon,50.70133,-3.235467,Urban,1594,14541.0,18529.0,10.123,8,15.36056281563277,0,0,0,2,0,1,1,0,1,0,1,Costa Coffee,13.27,92.43,19.3,38.83,54.36,30.61,164,151,168,39.85,Lower,Lower-Competition Local Markets,39.32,Moderate Similarity,Longlist,Longlist,Longer-term screening candidate requiring stronger supporting evidence.,False
160,Somerset | South Somerset 022D,E01029176,South Somerset 022D,Somerset,50.868045,-2.955037,Urban,1451,17196.0,21900.0,11.996,7,7.455626587504716,0,0,0,22,1,1,1,1,1,0,1,Costa Coffee,15.33,90.01,19.3,38.92,53.66,31.26,162,167,155,39.6,Lower,Lower-Competition Local Markets,82.93,High Similarity,Longlist,Longlist,Longer-term screening candidate requiring stronger supporting evidence.,False
161,Braintree | Braintree 014D,E01021401,Braintree 014D,Braintree,51.837844,0.697721,Rural,1650,5313.0,28883.0,23.093,4,5.8006345833167785,0,0,0,2,0,2,2,0,2,2,0,Burger King,11.58,88.86,26.02,39.1,53.83,30.65,158,163,165,39.35,Lower,Lower-Competition Local Markets,51.33,Moderate Similarity,Longlist,Longlist,Longer-term screening candidate requiring stronger supporting evidence.,False
162,Lichfield | Lichfield 011D,E01029522,Lichfield 011D,Lichfield,52.634326,-1.839252,Rural,1597,3271.0,35017.0,14.598,6,5.454114043584322,0,0,0,2,0,2,2,0,2,1,1,Costa Coffee,11.71,88.52,26.02,39.05,53.69,30.65,161,166,165,38.6,Lower,Lower-Competition Local Markets,51.07,Moderate Similarity,Longlist,Longlist,Longer-term screening candidate requiring stronger supporting evidence.,False
163,West Devon | West Devon 005G,E01020338,West Devon 005G,West Devon,50.536704,-4.142041,Urban,2373,13164.0,19696.0,15.116,6,14.663555756584987,0,0,0,2,0,1,1,0,1,0,1,Costa Coffee,12.91,92.35,19.3,38.66,54.23,30.4,169,153,171,38.6,Lower,Lower-Competition Local Markets,5.31,Low Similarity,Longlist,Longlist,Longer-term screening candidate requiring stronger supporting evidence.,False
164,Bassetlaw | Bassetlaw 015B,E01028007,Bassetlaw 015B,Bassetlaw,53.249369,-0.8966505,Rural,1305,4805.0,6068.0,13.024,7,8.60091976452429,0,0,0,6,0,3,3,0,3,3,0,McDonald's,4.77,90.65,33.24,39.08,54.83,29.06,160,138,197,38.35,Lower,Lower-Competition Local Markets,20.35,Low Similarity,Longlist,Longlist,Longer-term screening candidate requiring stronger supporting evidence.,False
165,North Norfolk | North Norfolk 016C,E01026759,North Norfolk 016C,North Norfolk,52.815548,1.376832,Urban,1399,14191.0,17816.0,23.607,4,14.015027288187676,0,0,0,3,1,1,1,1,1,0,1,Costa Coffee,12.84,92.27,19.3,38.61,54.17,30.34,171,155,172,37.97,Lower,Lower-Competition Local Markets,81.29,High Similarity,Longlist,Longlist,Longer-term screening candidate requiring stronger supporting evidence.,False
166,Wyre | Wyre 007B,E01025553,Wyre 007B,Wyre,53.879745,-2.769173,Rural,2935,13179.0,14850.0,6.002,9,9.116776811997923,0,0,0,3,1,2,2,1,1,2,0,Subway,11.55,90.92,22.26,38.57,53.91,30.1,172,160,175,36.78,Lower,Competitive Urban Hubs,11.51,Low Similarity,Longlist,Longlist,Longer-term screening candidate requiring stronger supporting evidence.,False
167,East Suffolk | East Suffolk 001D,E01030259,East Suffolk 001D,East Suffolk,52.519057000000004,1.705076,Rural,1147,10482.0,36791.0,15.834,6,5.759427995217231,0,0,0,5,0,1,2,0,1,1,0,McDonald's,15.94,88.81,19.3,38.81,53.22,31.35,165,190,153,36.72,Lower,Lower-Competition Local Markets,7.46,Low Similarity,Longlist,Longlist,Longer-term screening candidate requiring stronger supporting evidence.,False
168,Cheshire East | Cheshire East 025C,E01018421,Cheshire East 025C,Cheshire East,53.177977,-2.433701,Urban,1255,16465.0,26926.0,16.988,6,5.374420789877921,0,0,0,12,0,1,1,0,1,1,0,Subway,16.49,88.43,19.3,38.92,53.16,31.58,162,196,149,36.72,Lower,Lower-Competition Local Markets,16.81,Low Similarity,Longlist,Longlist,Longer-term screening candidate requiring stronger supporting evidence.,False
169,Solihull | Solihull 029E,E01010189,Solihull 029E,Solihull,52.352509,-1.778264,Rural,1634,8689.0,35647.0,5.01,10,6.670793309896363,0,0,0,9,0,1,4,0,1,0,1,Costa Coffee,14.95,89.55,19.3,38.64,53.34,30.96,170,185,158,36.09,Lower,Lower-Competition Local Markets,24.53,Low Similarity,Longlist,Longlist,Longer-term screening candidate requiring stronger supporting evidence.,False
170,Wyre Forest | Wyre Forest 001C,E01032433,Wyre Forest 001C,Wyre Forest,52.403222,-2.1694415,Rural,1500,7397.0,43957.0,7.513,9,5.651263852841767,0,0,0,4,0,1,1,0,1,1,0,Subway,15.93,88.72,19.3,38.78,53.17,31.33,166,195,154,35.84,Lower,Lower-Competition Local Markets,29.84,Moderate Similarity,Longlist,Longlist,Longer-term screening candidate requiring stronger supporting evidence.,False
171,Breckland | Breckland 009E,E01026490,Breckland 009E,Breckland,52.566954,0.829593,Urban,1965,14251.0,15553.0,14.438,6,13.107484986501593,0,0,0,6,0,1,1,0,1,1,0,Subway,12.23,92.13,19.3,38.32,53.95,29.98,178,159,179,35.71,Lower,Lower-Competition Local Markets,26.17,Moderate Similarity,Longlist,Longlist,Longer-term screening candidate requiring stronger supporting evidence.,False
172,Cornwall | Cornwall 017D,E01018772,Cornwall 017D,Cornwall,50.450383,-4.472802,Urban,1846,11251.0,18946.0,15.666,6,17.033229502933384,0,0,0,4,0,1,1,0,1,0,1,Costa Coffee,11.87,92.58,19.3,38.31,54.08,29.87,179,157,181,35.59,Lower,Lower-Competition Local Markets,38.43,Moderate Similarity,Longlist,Longlist,Longer-term screening candidate requiring stronger supporting evidence.,False
173,Great Yarmouth | Great Yarmouth 003A,E01026589,Great Yarmouth 003A,Great Yarmouth,52.6563965,1.719743,Rural,1259,11950.0,24317.0,23.378,4,5.472491589990308,0,0,0,4,1,2,3,1,1,2,0,Burger King,13.72,88.54,22.26,38.73,53.26,30.82,167,188,163,35.46,Lower,Lower-Competition Local Markets,50.7,Moderate Similarity,Longlist,Longlist,Longer-term screening candidate requiring stronger supporting evidence.,False
174,Winchester | Winchester 012E,E01023272,Winchester 012E,Winchester,50.936170000000004,-1.2039105,Urban,1615,15292.0,22626.0,5.227,10,6.43707298851065,0,0,0,4,0,1,1,0,1,0,1,Costa Coffee,14.78,89.38,19.3,38.52,53.21,30.83,175,191,162,34.15,Lower,Lower-Competition Local Markets,25.79,Moderate Similarity,Longlist,Longlist,Longer-term screening candidate requiring stronger supporting evidence.,False
175,West Berkshire | West Berkshire 003D,E01016314,West Berkshire 003D,West Berkshire,51.483524,-1.087305,Rural,1606,10010.0,39674.0,5.764,9,5.032506818488398,0,0,0,5,1,1,3,1,1,0,1,Costa Coffee,16.29,88.04,19.3,38.72,52.92,31.39,168,209,152,34.08,Lower,Lower-Competition Local Markets,72.06,Moderate Similarity,Longlist,Longlist,Longer-term screening candidate requiring stronger supporting evidence.,False
176,West Suffolk | West Suffolk 001E,E01034563,West Suffolk 001E,West Suffolk,52.3866,0.532781,Rural,1270,6805.0,21666.0,14.235,6,5.430883482259905,0,0,0,10,1,2,3,1,2,2,0,Subway,10.54,88.49,26.02,38.57,53.38,30.0,172,182,177,33.71,Lower,Lower-Competition Local Markets,54.24,Moderate Similarity,Longlist,Longlist,Longer-term screening candidate requiring stronger supporting evidence.,False
177,East Hampshire | East Hampshire 009D,E01022586,East Hampshire 009D,East Hampshire,51.0881925,-0.8198965,Rural,2126,9827.0,33590.0,7.334,9,6.106357186463359,0,0,0,2,1,1,1,1,1,1,0,McDonald's,15.02,89.12,19.3,38.53,53.14,30.91,174,198,160,33.71,Lower,Lower-Competition Local Markets,26.3,Moderate Similarity,Longlist,Longlist,Longer-term screening candidate requiring stronger supporting evidence.,False
178,Waverley | Waverley 013B,E01030871,Waverley 013B,Waverley,51.145031,-0.47217600000000004,Urban,1934,14657.0,14657.0,5.456,10,10.670946839019768,0,0,0,3,0,1,1,0,1,1,0,Subway,12.19,91.51,19.3,38.12,53.63,29.83,183,170,182,33.21,Lower,Lower-Competition Local Markets,14.92,Low Similarity,Longlist,Longlist,Longer-term screening candidate requiring stronger supporting evidence.,False
179,Vale of White Horse | Vale of White Horse 009A,E01028716,Vale of White Horse 009A,Vale of White Horse,51.652217,-1.579272,Rural,2552,9586.0,12305.0,13.246,7,12.543777491059641,0,0,0,2,2,2,2,1,1,0,2,Costa Coffee,9.24,92.02,22.26,37.98,53.88,29.05,186,162,198,31.95,Lower,Competitive Urban Hubs,31.94,Moderate Similarity,Longlist,Longlist,Longer-term screening candidate requiring stronger supporting evidence.,False
180,Buckinghamshire | Buckinghamshire 026B,E01017930,Buckinghamshire 026B,Buckinghamshire,51.721745,-0.839066,Rural,1949,12547.0,16706.0,2.873,10,10.725854264387609,0,0,0,11,1,1,1,1,1,0,1,Costa Coffee,11.79,91.53,19.3,37.96,53.54,29.62,187,174,186,31.83,Lower,Lower-Competition Local Markets,32.74,Moderate Similarity,Longlist,Longlist,Longer-term screening candidate requiring stronger supporting evidence.,False
181,Tendring | Tendring 009B,E01021983,Tendring 009B,Tendring,51.820333500000004,1.020305,Rural,1494,10577.0,21356.0,13.706,7,9.331864666742694,0,0,0,5,0,1,1,0,1,1,0,Burger King,12.24,91.04,19.3,38.0,53.41,29.77,185,179,184,31.64,Lower,Lower-Competition Local Markets,43.36,Moderate Similarity,Longlist,Longlist,Longer-term screening candidate requiring stronger supporting evidence.,False
182,Cornwall | Cornwall 047D,E01018820,Cornwall 047D,Cornwall,50.257577,-5.157102999999999,Rural,1863,5216.0,17765.0,24.523,4,7.460842154231716,0,0,0,4,0,2,5,0,2,1,1,Subway,8.46,90.02,26.02,38.2,53.63,29.16,182,170,196,31.64,Lower,Lower-Competition Local Markets,34.89,Moderate Similarity,Longlist,Longlist,Longer-term screening candidate requiring stronger supporting evidence.,False
183,Fenland | Fenland 006C,E01018074,Fenland 006C,Fenland,52.555751,-0.111881,Urban,1215,17250.0,17250.0,14.955,6,6.769856309824372,0,0,0,3,0,1,1,0,1,1,0,Subway,13.99,89.62,19.3,38.27,53.13,30.44,180,199,170,31.58,Lower,Lower-Competition Local Markets,12.9,Low Similarity,Longlist,Longlist,Longer-term screening candidate requiring stronger supporting evidence.,False
184,West Lancashire | West Lancashire 003C,E01025514,West Lancashire 003C,West Lancashire,53.620369499999995,-2.939172,Rural,2473,4082.0,50880.0,14.772,6,5.219395990927031,0,0,0,1,0,1,4,0,1,1,0,McDonald's,15.4,88.26,19.3,38.43,52.81,30.95,176,215,159,31.39,Lower,Lower-Competition Local Markets,2.78,Low Similarity,Longlist,Longlist,Longer-term screening candidate requiring stronger supporting evidence.,False
185,East Devon | East Devon 003C,E01019930,East Devon 003C,East Devon,50.7913215,-3.2069514999999997,Urban,1457,11834.0,15756.0,11.155,7,12.49498222619108,0,0,0,2,0,1,1,0,1,0,1,Costa Coffee,11.15,92.0,19.3,37.85,53.61,29.36,189,173,193,30.83,Lower,Lower-Competition Local Markets,35.78,Moderate Similarity,Longlist,Longlist,Longer-term screening candidate requiring stronger supporting evidence.,False
186,Thanet | Thanet 014D,E01024704,Thanet 014D,Thanet,51.3363695,1.310857,Urban,1769,4616.0,22789.0,18.692,5,5.758765259590042,0,0,0,2,2,2,4,2,2,1,1,Costa Coffee,9.51,88.81,26.02,38.25,53.29,29.5,181,186,189,30.64,Lower,Lower-Competition Local Markets,95.32,High Similarity,Longlist,Longlist,Longer-term screening candidate requiring stronger supporting evidence.,False
187,Bromley | Bromley 042D,E01032570,Bromley 042D,Bromley,51.3096,0.036479,Urban,1725,15770.0,24022.0,13.485,7,5.021722802158473,0,0,0,9,1,1,8,1,1,0,1,Costa Coffee,15.41,88.02,19.3,38.36,52.69,30.9,177,221,161,30.32,Lower,Lower-Competition Local Markets,94.18,High Similarity,Longlist,Longlist,Longer-term screening candidate requiring stronger supporting evidence.,False
188,Cornwall | Cornwall 001A,E01018936,Cornwall 001A,Cornwall,50.831172,-4.545674,Rural,1545,10595.0,13010.0,18.969,5,25.74960958063691,0,0,0,4,0,1,1,0,1,1,0,Subway,9.83,92.89,19.3,37.59,53.73,28.81,197,165,204,29.45,Lower,Lower-Competition Local Markets,53.48,Moderate Similarity,Longlist,Longlist,Longer-term screening candidate requiring stronger supporting evidence.,False
189,Malvern Hills | Malvern Hills 008C,E01032211,Malvern Hills 008C,Malvern Hills,52.0647675,-2.1928075,Rural,1881,4530.0,8020.0,14.041,7,8.118369853933947,0,0,0,1,0,3,7,0,2,1,2,McDonald's,5.17,90.37,28.69,37.79,53.65,28.09,190,169,211,28.95,Lower,Lower-Competition Local Markets,33.88,Moderate Similarity,Longlist,Longlist,Longer-term screening candidate requiring stronger supporting evidence.,False
190,Breckland | Breckland 013C,E01026448,Breckland 013C,Breckland,52.522258,1.032769,Urban,2492,13426.0,18443.0,6.998,9,7.577863140613032,0,0,0,6,0,1,1,0,1,1,0,Subway,12.7,90.08,19.3,37.89,53.04,29.83,188,205,182,28.2,Lower,Lower-Competition Local Markets,2.02,Low Similarity,Longlist,Longlist,Longer-term screening candidate requiring stronger supporting evidence.,False
191,New Forest | New Forest 010B,E01023062,New Forest 010B,New Forest,50.845793,-1.7618075,Urban,1476,15349.0,19987.0,5.791,9,5.653778380378665,0,0,0,3,0,1,1,0,1,1,0,McDonald's,14.08,88.72,19.3,38.04,52.71,30.31,184,219,173,28.2,Lower,Lower-Competition Local Markets,22.88,Low Similarity,Longlist,Longlist,Longer-term screening candidate requiring stronger supporting evidence.,False
192,Forest of Dean | Forest of Dean 010E,E01022275,Forest of Dean 010E,Forest of Dean,51.647946,-2.666015,Urban,2010,6166.0,6166.0,5.719,9,10.675374284118924,0,0,0,2,1,2,2,1,2,1,1,Costa Coffee,5.59,91.51,26.02,37.49,53.66,27.88,198,167,215,27.57,Lower,Lower-Competition Local Markets,36.66,Moderate Similarity,Longlist,Longlist,Longer-term screening candidate requiring stronger supporting evidence.,False
193,Broadland | Broadland 014D,E01026507,Broadland 014D,Broadland,52.633774,1.447582,Rural,1510,12422.0,15125.0,7.745,9,9.546413342511789,0,0,0,1,0,1,5,0,1,1,0,McDonald's,11.28,91.13,19.3,37.64,53.21,29.26,196,191,195,27.38,Lower,Lower-Competition Local Markets,31.23,Moderate Similarity,Longlist,Longlist,Longer-term screening candidate requiring stronger supporting evidence.,False
194,Maidstone | Maidstone 011D,E01024387,Maidstone 011D,Maidstone,51.276262,0.646349,Rural,2683,2683.0,12349.0,24.551,4,7.404908653787094,0,0,0,5,0,3,3,0,2,1,2,Costa Coffee,5.26,89.99,28.69,37.71,53.48,28.06,193,177,212,27.38,Lower,Lower-Competition Local Markets,0.38,Low Similarity,Longlist,Longlist,Longer-term screening candidate requiring stronger supporting evidence.,False
195,Ashford | Ashford 013C,E01024011,Ashford 013C,Ashford,51.0851505,0.6900945,Rural,1282,10824.0,13564.0,10.686,8,12.793823558268327,0,0,0,2,0,1,1,0,1,0,1,Costa Coffee,10.15,92.06,19.3,37.47,53.39,28.82,200,181,203,27.19,Lower,Lower-Competition Local Markets,15.42,Low Similarity,Longlist,Longlist,Longer-term screening candidate requiring stronger supporting evidence.,False
196,Dorset | Dorset 004A,E01020542,Dorset 004A,Dorset,50.9521175,-2.5084090000000003,Urban,1374,12779.0,15942.0,11.209,7,8.691665274716154,0,0,0,12,1,1,1,1,1,0,1,Costa Coffee,11.67,90.71,19.3,37.67,53.1,29.39,194,200,192,26.82,Lower,Lower-Competition Local Markets,71.43,Moderate Similarity,Longlist,Longlist,Longer-term screening candidate requiring stronger supporting evidence.,False
197,North Yorkshire | Scarborough 014D,E01027830,Scarborough 014D,North Yorkshire,54.212661499999996,-0.29772299999999996,Rural,1651,8422.0,11439.0,26.836,3,10.219520005941508,0,0,0,18,0,2,2,0,1,2,0,Burger King,8.5,91.38,22.26,37.49,53.38,28.52,198,182,208,26.57,Lower,Lower-Competition Local Markets,42.6,Moderate Similarity,Longlist,Longlist,Longer-term screening candidate requiring stronger supporting evidence.,False
198,North Devon | North Devon 001D,E01020115,North Devon 001D,North Devon,51.204909,-4.1046665,Urban,1141,11070.0,12459.0,16.236,6,13.402366775872695,0,0,0,2,0,1,1,0,1,1,0,Subway,9.91,92.19,19.3,37.41,53.4,28.71,204,180,206,26.44,Lower,Lower-Competition Local Markets,7.33,Low Similarity,Longlist,Longlist,Longer-term screening candidate requiring stronger supporting evidence.,False
199,Solihull | Solihull 025B,E01010168,Solihull 025B,Solihull,52.400643,-1.654581,Rural,1778,8246.0,30665.0,8.238,9,5.3903890521255216,0,0,0,9,0,1,2,0,1,0,1,Costa Coffee,13.59,88.45,19.3,37.76,52.45,29.99,191,225,178,25.94,Lower,Lower-Competition Local Markets,30.09,Moderate Similarity,Longlist,Longlist,Longer-term screening candidate requiring stronger supporting evidence.,False
200,West Lancashire | West Lancashire 001D,E01025530,West Lancashire 001D,West Lancashire,53.689127,-2.8353080000000004,Rural,1674,11605.0,19264.0,6.875,9,7.614512103339594,0,0,0,1,0,1,1,0,1,0,1,Costa Coffee,12.1,90.11,19.3,37.66,52.9,29.5,195,210,189,25.88,Lower,Lower-Competition Local Markets,30.34,Moderate Similarity,Longlist,Longlist,Longer-term screening candidate requiring stronger supporting evidence.,False
201,Cornwall | Cornwall 054A,E01019008,Cornwall 054A,Cornwall,50.20982,-5.488982,Rural,1336,8346.0,12729.0,34.239,2,31.60243584116194,0,0,0,4,0,1,1,0,1,0,1,Costa Coffee,8.78,92.94,19.3,37.18,53.49,28.24,211,176,209,25.69,Lower,Lower-Competition Local Markets,12.77,Low Similarity,Longlist,Longlist,Longer-term screening candidate requiring stronger supporting evidence.,False
202,Cheshire West and Chester | Cheshire West and Chester 039D,E01018385,Cheshire West and Chester 039D,Cheshire West and Chester,53.172024,-2.814778,Urban,1960,6519.0,34438.0,6.439,9,5.365625685247348,0,0,0,10,0,1,1,0,1,0,1,Costa Coffee,13.56,88.42,19.3,37.74,52.42,29.97,192,226,180,25.44,Lower,Lower-Competition Local Markets,15.04,Low Similarity,Longlist,Longlist,Longer-term screening candidate requiring stronger supporting evidence.,False
203,North East Lincolnshire | North East Lincolnshire 001B,E01013175,North East Lincolnshire 001B,North East Lincolnshire,53.613865,-0.242559,Urban,1821,10688.0,15843.0,9.737,8,9.76991012648046,0,0,0,5,0,1,1,0,1,1,0,Subway,10.66,91.22,19.3,37.42,53.1,28.93,203,200,201,24.56,Lower,Lower-Competition Local Markets,31.48,Moderate Similarity,Longlist,Longlist,Longer-term screening candidate requiring stronger supporting evidence.,False
204,Cheshire East | Cheshire East 023B,E01018414,Cheshire East 023B,Cheshire East,53.201065,-2.369243,Rural,1567,9085.0,18652.0,3.866,10,8.613656640128923,0,0,0,12,1,1,2,1,1,0,1,Costa Coffee,10.88,90.66,19.3,37.34,52.88,28.94,207,212,200,22.81,Lower,Lower-Competition Local Markets,62.96,Moderate Similarity,Longlist,Longlist,Longer-term screening candidate requiring stronger supporting evidence.,False
205,East Suffolk | East Suffolk 020B,E01030194,East Suffolk 020B,East Suffolk,52.104426,1.330582,Urban,1847,13430.0,17406.0,16.035,6,5.9146872327988715,0,0,0,5,0,1,1,0,1,0,1,Costa Coffee,12.4,88.95,19.3,37.44,52.4,29.44,201,227,191,22.74,Lower,Lower-Competition Local Markets,38.56,Moderate Similarity,Longlist,Longlist,Longer-term screening candidate requiring stronger supporting evidence.,False
206,North Yorkshire | Ryedale 002B,E01027793,Ryedale 002B,North Yorkshire,54.237886,-0.760635,Rural,1462,9110.0,9110.0,21.057,5,23.865218851104906,0,0,0,18,0,1,1,0,1,0,1,Costa Coffee,8.12,92.84,19.3,36.89,53.28,27.86,216,187,217,22.68,Lower,Lower-Competition Local Markets,45.39,Moderate Similarity,Longlist,Longlist,Longer-term screening candidate requiring stronger supporting evidence.,False
207,North West Leicestershire | North West Leicestershire 012D,E01025949,North West Leicestershire 012D,North West Leicestershire,52.704149,-1.513181,Rural,1568,11069.0,22384.0,32.941,3,5.489688000764916,0,0,0,4,0,1,1,0,1,1,0,McDonald's,12.72,88.55,19.3,37.44,52.28,29.53,201,231,188,22.56,Lower,Lower-Competition Local Markets,24.53,Low Similarity,Longlist,Longlist,Longer-term screening candidate requiring stronger supporting evidence.,False
208,Central Bedfordshire | Central Bedfordshire 007H,E01033814,Central Bedfordshire 007H,Central Bedfordshire,52.063035,-0.627612,Rural,2121,8343.0,27218.0,6.857,9,5.045113230271159,0,0,0,7,1,1,2,1,1,0,1,Costa Coffee,12.92,88.06,19.3,37.38,52.08,29.54,205,235,187,21.81,Lower,Lower-Competition Local Markets,25.54,Moderate Similarity,Longlist,Longlist,Longer-term screening candidate requiring stronger supporting evidence.,False
209,Chichester | Chichester 014C,E01031524,Chichester 014C,Chichester,50.738998,-0.776584,Urban,1751,10812.0,15297.0,17.811,5,8.820888521046342,0,0,0,1,1,1,1,1,1,0,1,Costa Coffee,10.57,90.79,19.3,37.26,52.86,28.8,209,213,205,21.8,Lower,Lower-Competition Local Markets,97.09,High Similarity,Longlist,Longlist,Longer-term screening candidate requiring stronger supporting evidence.,False
210,East Devon | East Devon 010C,E01019948,East Devon 010C,East Devon,50.714051,-3.074889,Rural,1285,12714.0,13888.0,9.454,8,7.826479901243214,0,0,0,2,0,1,1,0,1,0,1,Costa Coffee,11.11,90.2,19.3,37.29,52.7,28.98,208,220,199,21.8,Lower,Lower-Competition Local Markets,14.54,Low Similarity,Longlist,Longlist,Longer-term screening candidate requiring stronger supporting evidence.,False
211,West Oxfordshire | West Oxfordshire 001D,E01028783,West Oxfordshire 001D,West Oxfordshire,51.940897,-1.545744,Rural,1569,7323.0,12187.0,12.273,7,17.659935769372066,0,0,0,2,1,1,1,1,1,0,1,Costa Coffee,8.16,92.64,19.3,36.85,53.18,27.84,217,193,218,21.62,Lower,Lower-Competition Local Markets,94.18,High Similarity,Longlist,Longlist,Longer-term screening candidate requiring stronger supporting evidence.,False
212,Winchester | Winchester 001A,E01023286,Winchester 001A,Winchester,51.1528875,-1.332014,Rural,1503,1503.0,8375.0,15.462,6,6.4577775549452,0,0,0,4,2,4,4,2,2,2,2,Costa Coffee,2.68,89.4,31.53,37.35,53.25,27.24,206,189,233,21.61,Lower,Lower-Competition Local Markets,94.82,High Similarity,Longlist,Longlist,Longer-term screening candidate requiring stronger supporting evidence.,False
213,Mid Devon | Mid Devon 003A,E01020063,Mid Devon 003A,Mid Devon,50.906084,-3.327825,Rural,2459,2459.0,10234.0,17.449,6,10.634389336617536,0,0,0,1,0,2,2,0,2,1,1,Costa Coffee,4.42,91.5,26.02,37.02,53.36,27.24,214,184,233,21.24,Lower,Lower-Competition Local Markets,3.29,Low Similarity,Longlist,Longlist,Longer-term screening candidate requiring stronger supporting evidence.,False
214,King's Lynn and West Norfolk | King's Lynn and West Norfolk 001A,E01026680,King's Lynn and West Norfolk 001A,King's Lynn and West Norfolk,52.934489,0.488692,Rural,1636,8277.0,9747.0,34.458,2,20.930623994146057,0,0,0,5,1,1,1,1,1,0,1,Costa Coffee,7.87,92.77,19.3,36.77,53.18,27.71,220,193,224,20.49,Lower,Lower-Competition Local Markets,62.71,Moderate Similarity,Longlist,Longlist,Longer-term screening candidate requiring stronger supporting evidence.,False
215,Tandridge | Tandridge 010C,E01030833,Tandridge 010C,Tandridge,51.173973,-0.019734,Rural,1433,8387.0,25116.0,18.133,5,5.223146329621767,0,0,0,1,1,1,1,1,1,0,1,Costa Coffee,12.38,88.27,19.3,37.22,52.06,29.29,210,236,194,20.17,Lower,Lower-Competition Local Markets,91.15,High Similarity,Longlist,Longlist,Longer-term screening candidate requiring stronger supporting evidence.,False
216,Vale of White Horse | Vale of White Horse 016C,E01028747,Vale of White Horse 016C,Vale of White Horse,51.613849,-1.628257,Rural,1646,4991.0,9140.0,8.904,8,7.312433810735183,0,0,0,2,2,2,2,2,2,2,0,McDonald's,5.88,89.95,26.02,37.14,52.95,27.73,212,207,223,19.93,Lower,Lower-Competition Local Markets,82.43,High Similarity,Longlist,Longlist,Longer-term screening candidate requiring stronger supporting evidence.,False
217,Somerset | South Somerset 005B,E01029227,South Somerset 005B,Somerset,51.057407,-2.417386,Rural,2268,9114.0,10904.0,16.858,6,11.649661916709974,0,0,0,22,1,1,1,1,1,1,0,McDonald's,8.65,91.8,19.3,36.79,52.89,27.94,218,211,213,19.86,Lower,Lower-Competition Local Markets,21.24,Low Similarity,Longlist,Longlist,Longer-term screening candidate requiring stronger supporting evidence.,False
218,South Hams | South Hams 010C,E01020189,South Hams 010C,South Hams,50.280772,-3.782645,Rural,2095,6389.0,13076.0,20.983,5,20.820076851867825,0,0,0,0,1,1,1,1,1,0,1,Costa Coffee,7.81,92.76,19.3,36.74,53.16,27.67,221,196,225,19.86,Lower,Lower-Competition Local Markets,51.2,Moderate Similarity,Longlist,Longlist,Longer-term screening candidate requiring stronger supporting evidence.,False
219,East Riding of Yorkshire | East Riding of Yorkshire 015C,E01013123,East Riding of Yorkshire 015C,East Riding of Yorkshire,53.86297,-0.673697,Rural,2153,8747.0,8747.0,9.688,8,16.789670801521513,0,0,0,4,0,1,1,0,1,1,0,McDonald's,7.82,92.56,19.3,36.69,53.06,27.64,224,204,226,18.42,Lower,Lower-Competition Local Markets,10.49,Low Similarity,Longlist,Longlist,Longer-term screening candidate requiring stronger supporting evidence.,False
220,East Suffolk | East Suffolk 018A,E01030186,East Suffolk 018A,East Suffolk,52.19972,1.5635525000000001,Rural,1681,6735.0,10757.0,20.581,5,24.751613865543845,0,0,0,5,0,1,1,0,1,1,0,Subway,7.37,92.87,19.3,36.6,53.1,27.45,225,200,230,18.17,Lower,Lower-Competition Local Markets,53.98,Moderate Similarity,Longlist,Longlist,Longer-term screening candidate requiring stronger supporting evidence.,False
221,North Lincolnshire | North Lincolnshire 011E,E01013272,North Lincolnshire 011E,North Lincolnshire,53.551637,-0.488304,Rural,1606,7041.0,14522.0,35.387,2,10.73019855387697,0,0,0,5,1,1,1,1,1,0,1,Costa Coffee,8.62,91.53,19.3,36.7,52.74,27.87,222,218,216,18.11,Lower,Lower-Competition Local Markets,58.41,Moderate Similarity,Longlist,Longlist,Longer-term screening candidate requiring stronger supporting evidence.,False
222,Derbyshire Dales | Derbyshire Dales 011E,E01019630,Derbyshire Dales 011E,Derbyshire Dales,53.177801,-1.617227,Rural,1788,4912.0,10761.0,12.985,7,5.973082182707869,0,0,0,2,0,2,2,0,2,1,1,Subway,6.3,89.0,26.02,37.03,52.58,27.77,213,223,221,18.04,Lower,Lower-Competition Local Markets,39.32,Moderate Similarity,Longlist,Longlist,Longer-term screening candidate requiring stronger supporting evidence.,False
223,Hart | Hart 004B,E01022878,Hart 004B,Hart,51.305855,-0.906761,Rural,1675,5948.0,27040.0,2.866,10,5.279028703751575,0,0,0,2,1,1,5,1,1,0,1,Costa Coffee,11.54,88.32,19.3,36.9,51.87,28.84,215,243,202,17.67,Lower,Lower-Competition Local Markets,58.28,Moderate Similarity,Longlist,Longlist,Longer-term screening candidate requiring stronger supporting evidence.,False
224,Somerset | South Somerset 021A,E01029182,South Somerset 021A,Somerset,50.871815,-2.775765,Rural,1670,9581.0,13406.0,10.714,8,7.965760123910438,0,0,0,22,0,1,1,0,1,0,1,Costa Coffee,9.56,90.28,19.3,36.7,52.36,28.14,222,228,210,17.61,Lower,Lower-Competition Local Markets,40.33,Moderate Similarity,Longlist,Longlist,Longer-term screening candidate requiring stronger supporting evidence.,False
225,Doncaster | Doncaster 026D,E01007602,Doncaster 026D,Doncaster,53.487088,-0.99066,Rural,2101,8331.0,19883.0,8.58,8,5.904960489095958,0,0,0,9,0,1,1,0,1,1,0,Subway,10.79,88.94,19.3,36.79,51.99,28.55,218,237,207,17.36,Lower,Lower-Competition Local Markets,12.14,Low Similarity,Longlist,Longlist,Longer-term screening candidate requiring stronger supporting evidence.,False
226,Cornwall | Cornwall 007A,E01018924,Cornwall 007A,Cornwall,50.516105,-4.823359,Rural,1407,8135.0,8135.0,18.579,5,21.680087060021403,0,0,0,4,1,1,1,1,1,0,1,Costa Coffee,7.28,92.79,19.3,36.54,53.04,27.39,228,205,231,17.1,Lower,Lower-Competition Local Markets,87.74,High Similarity,Longlist,Longlist,Longer-term screening candidate requiring stronger supporting evidence.,False
227,South Norfolk | South Norfolk 011F,E01026940,South Norfolk 011F,South Norfolk,52.495028500000004,1.2239385,Rural,2140,7167.0,11206.0,16.806,6,13.187475760097719,0,0,0,2,0,1,1,0,1,1,0,Subway,7.8,92.14,19.3,36.55,52.85,27.54,227,214,228,16.54,Lower,Lower-Competition Local Markets,14.03,Low Similarity,Longlist,Longlist,Longer-term screening candidate requiring stronger supporting evidence.,False
228,North Somerset | North Somerset 024E,E01014748,North Somerset 024E,North Somerset,51.341718,-2.782094,Rural,1476,4765.0,18541.0,13.126,7,10.249991812873073,0,0,0,7,1,1,1,1,1,1,0,Subway,8.45,91.39,19.3,36.59,52.63,27.75,226,222,222,16.42,Lower,Lower-Competition Local Markets,89.76,High Similarity,Longlist,Longlist,Longer-term screening candidate requiring stronger supporting evidence.,False
229,East Lindsey | East Lindsey 011A,E01026064,East Lindsey 011A,East Lindsey,53.201122,-0.1088835,Rural,1627,7715.0,7715.0,36.432,2,19.61838535246917,0,0,0,4,1,1,1,1,1,0,1,Costa Coffee,7.0,92.73,19.3,36.41,52.94,27.22,231,208,235,15.91,Lower,Lower-Competition Local Markets,51.71,Moderate Similarity,Longlist,Longlist,Longer-term screening candidate requiring stronger supporting evidence.,False
230,Milton Keynes | Milton Keynes 001B,E01016797,Milton Keynes 001B,Milton Keynes,52.152511,-0.701761,Rural,1757,7399.0,10597.0,9.741,8,12.524756205201127,0,0,0,8,1,1,1,1,1,0,1,Costa Coffee,7.72,92.01,19.3,36.48,52.76,27.47,230,217,229,15.67,Lower,Lower-Competition Local Markets,81.42,High Similarity,Longlist,Longlist,Longer-term screening candidate requiring stronger supporting evidence.,False
231,Stratford-on-Avon | Stratford-on-Avon 006A,E01031183,Stratford-on-Avon 006A,Stratford-on-Avon,52.214002,-1.870038,Rural,1562,8358.0,13110.0,7.813,9,8.29630270152581,0,0,0,3,0,1,1,0,1,1,0,McDonald's,8.92,90.49,19.3,36.51,52.3,27.83,229,229,219,15.48,Lower,Lower-Competition Local Markets,32.74,Moderate Similarity,Longlist,Longlist,Longer-term screening candidate requiring stronger supporting evidence.,False
232,Cornwall | Cornwall 008E,E01018958,Cornwall 008E,Cornwall,50.540718,-4.939467,Rural,980,4455.0,7054.0,28.269,3,18.105824001902118,0,0,0,4,2,2,2,1,1,2,0,Subway,4.79,92.66,22.26,36.39,53.09,26.73,232,203,243,15.41,Lower,Lower-Competition Local Markets,2.02,Low Similarity,Longlist,Longlist,Longer-term screening candidate requiring stronger supporting evidence.,False
233,North Norfolk | North Norfolk 001D,E01026773,North Norfolk 001D,North Norfolk,52.934538,1.209852,Rural,2036,11240.0,11240.0,16.122,6,5.953008615596968,0,0,0,3,0,1,1,0,1,0,1,Costa Coffee,9.66,88.98,19.3,36.35,51.73,27.93,233,245,214,13.66,Lower,Lower-Competition Local Markets,20.48,Low Similarity,Longlist,Longlist,Longer-term screening candidate requiring stronger supporting evidence.,False
234,East Suffolk | East Suffolk 018B,E01030208,East Suffolk 018B,East Suffolk,52.231421,1.4956580000000002,Rural,1292,6167.0,8187.0,22.948,4,23.971925342049076,0,0,0,5,0,1,1,0,1,0,1,Costa Coffee,6.24,92.85,19.3,36.14,52.81,26.83,237,215,240,13.53,Lower,Lower-Competition Local Markets,20.35,Low Similarity,Longlist,Longlist,Longer-term screening candidate requiring stronger supporting evidence.,False
235,West Suffolk | West Suffolk 003D,E01032526,West Suffolk 003D,West Suffolk,52.356769,0.457076,Rural,1883,5373.0,20844.0,15.987,6,5.741854985101614,0,0,0,10,0,1,3,0,1,1,0,Burger King,9.46,88.8,19.3,36.21,51.59,27.79,235,246,220,12.53,Lower,Lower-Competition Local Markets,36.03,Moderate Similarity,Longlist,Longlist,Longer-term screening candidate requiring stronger supporting evidence.,False
236,Cornwall | Cornwall 019F,E01019065,Cornwall 019F,Cornwall,50.394642,-4.933031,Rural,1348,5883.0,13078.0,23.425,4,9.755210884387612,0,0,0,4,0,1,1,0,1,1,0,McDonald's,7.5,91.21,19.3,36.15,52.3,27.19,236,229,236,12.47,Lower,Lower-Competition Local Markets,27.94,Moderate Similarity,Longlist,Longlist,Longer-term screening candidate requiring stronger supporting evidence.,False
237,West Berkshire | West Berkshire 010B,E01016297,West Berkshire 010B,West Berkshire,51.405878,-1.5147754999999998,Rural,1669,5929.0,9381.0,20.443,5,13.88865669696713,0,0,0,5,0,1,1,0,1,0,1,Costa Coffee,6.47,92.25,19.3,36.05,52.57,26.83,238,224,240,12.34,Lower,Lower-Competition Local Markets,54.87,Moderate Similarity,Longlist,Longlist,Longer-term screening candidate requiring stronger supporting evidence.,False
238,Basingstoke and Deane | Basingstoke and Deane 003C,E01022499,Basingstoke and Deane 003C,Basingstoke and Deane,51.356312,-1.376379,Rural,1682,6045.0,17336.0,5.875,9,6.953532417669028,0,0,0,7,0,1,1,0,1,1,0,McDonald's,8.82,89.72,19.3,36.23,51.89,27.62,234,242,227,12.28,Lower,Lower-Competition Local Markets,27.18,Moderate Similarity,Longlist,Longlist,Longer-term screening candidate requiring stronger supporting evidence.,False
239,Stroud | Stroud 012D,E01022413,Stroud 012D,Stroud,51.6767945,-2.4368655,Rural,2051,5164.0,7460.0,13.172,7,8.450715412972611,0,0,0,1,0,2,2,0,1,2,0,Burger King,5.39,90.57,22.26,36.0,52.2,26.64,239,233,244,10.65,Lower,Lower-Competition Local Markets,17.32,Low Similarity,Longlist,Longlist,Longer-term screening candidate requiring stronger supporting evidence.,False
240,Dorset | Dorset 023B,E01020532,Dorset 023B,Dorset,50.725252,-2.9388435,Rural,1517,7902.0,7902.0,10.791,8,8.751270858091997,0,0,0,12,1,1,1,1,1,0,1,Costa Coffee,7.1,90.75,19.3,35.85,51.98,26.88,240,238,238,10.52,Lower,Lower-Competition Local Markets,88.12,High Similarity,Longlist,Longlist,Longer-term screening candidate requiring stronger supporting evidence.,False
241,Westmorland and Furness | South Lakeland 013A,E01019349,South Lakeland 013A,Westmorland and Furness,54.1845,-2.94718,Rural,1878,7902.0,7902.0,9.491,8,8.736636937215188,0,0,0,19,0,1,1,0,1,0,1,Costa Coffee,7.1,90.73,19.3,35.85,51.96,26.88,240,239,238,10.4,Lower,Lower-Competition Local Markets,26.17,Moderate Similarity,Longlist,Longlist,Longer-term screening candidate requiring stronger supporting evidence.,False
242,North Yorkshire | Hambleton 002C,E01027624,Hambleton 002C,North Yorkshire,54.477094,-1.187681,Rural,1257,5769.0,17291.0,5.054,10,5.5767105054407216,0,0,0,18,1,1,1,1,1,0,1,Costa Coffee,8.61,88.64,19.3,35.83,51.3,27.29,242,251,232,9.53,Lower,Lower-Competition Local Markets,24.02,Low Similarity,Longlist,Longlist,Longer-term screening candidate requiring stronger supporting evidence.,False
243,North Yorkshire | Hambleton 010A,E01027594,Hambleton 010A,North Yorkshire,54.1184415,-1.1877360000000001,Rural,1934,5520.0,5520.0,15.665,6,15.030332960685332,0,0,0,18,1,1,1,1,1,0,1,Costa Coffee,5.02,92.4,19.3,35.52,52.28,26.07,247,231,249,9.21,Lower,Lower-Competition Local Markets,76.23,High Similarity,Longlist,Longlist,Longer-term screening candidate requiring stronger supporting evidence.,False
244,Chelmsford | Chelmsford 001A,E01021538,Chelmsford 001A,Chelmsford,51.827160500000005,0.508615,Rural,3036,3036.0,20395.0,14.809,6,6.301947418712834,0,0,0,5,0,1,1,0,1,0,1,Costa Coffee,7.81,89.28,19.3,35.7,51.42,26.98,243,249,237,9.02,Lower,Lower-Competition Local Markets,0.13,Low Similarity,Longlist,Longlist,Longer-term screening candidate requiring stronger supporting evidence.,False
245,Rutland | Rutland 005F,E01013808,Rutland 005F,Rutland,52.591681,-0.728185,Rural,1684,6159.0,8556.0,11.403,7,9.381941900411974,0,0,0,0,1,1,1,1,1,0,1,Costa Coffee,6.34,91.07,19.3,35.65,51.94,26.53,244,240,245,8.96,Lower,Lower-Competition Local Markets,91.4,High Similarity,Longlist,Longlist,Longer-term screening candidate requiring stronger supporting evidence.,False
246,Broadland | Broadland 008E,E01026580,Broadland 008E,Broadland,52.704473,1.400609,Rural,1820,4117.0,12780.0,14.566,6,9.248718962941764,0,0,0,1,0,1,1,0,1,0,1,Costa Coffee,6.37,91.0,19.3,35.64,51.92,26.53,245,241,245,8.71,Lower,Lower-Competition Local Markets,39.32,Moderate Similarity,Longlist,Longlist,Longer-term screening candidate requiring stronger supporting evidence.,False
247,East Riding of Yorkshire | East Riding of Yorkshire 026D,E01013025,East Riding of Yorkshire 026D,East Riding of Yorkshire,53.780508,-0.647874,Rural,1308,3177.0,9164.0,12.857,7,14.588787315107844,0,0,0,4,0,1,1,0,1,0,1,Costa Coffee,4.71,92.34,19.3,35.38,52.17,25.88,248,234,251,8.52,Lower,Lower-Competition Local Markets,20.35,Low Similarity,Longlist,Longlist,Longer-term screening candidate requiring stronger supporting evidence.,False
248,Shropshire | Shropshire 027C,E01028844,Shropshire 027C,Shropshire,52.650434,-2.293535,Rural,2923,8281.0,8281.0,8.47,8,6.609872032449282,0,0,0,15,1,1,1,1,1,1,0,Subway,7.42,89.51,19.3,35.61,51.44,26.81,246,248,242,8.14,Lower,Competitive Urban Hubs,12.5,Low Similarity,Longlist,Longlist,Longer-term screening candidate requiring stronger supporting evidence.,False
249,Stratford-on-Avon | Stratford-on-Avon 002C,E01031203,Stratford-on-Avon 002C,Stratford-on-Avon,52.291832,-1.775912,Rural,1631,4731.0,8889.0,16.078,6,7.984401819107861,0,0,0,3,1,1,1,1,1,0,1,Costa Coffee,5.63,90.29,19.3,35.13,51.38,25.98,249,250,250,6.52,Lower,Lower-Competition Local Markets,99.12,High Similarity,Longlist,Longlist,Longer-term screening candidate requiring stronger supporting evidence.,False
250,North Somerset | North Somerset 013B,E01014848,North Somerset 013B,North Somerset,51.383658,-2.679956,Rural,1365,3199.0,14472.0,14.089,7,6.1383741987794505,0,0,0,7,0,1,1,0,1,1,0,Burger King,6.27,89.15,19.3,35.04,50.97,26.1,250,256,248,5.89,Lower,Lower-Competition Local Markets,30.09,Moderate Similarity,Longlist,Longlist,Longer-term screening candidate requiring stronger supporting evidence.,False
251,Peterborough | Peterborough 004C,E01015626,Peterborough 004C,Peterborough,52.607426,-0.439818,Rural,1462,3618.0,5175.0,14.582,6,10.153105436274016,0,0,0,9,0,1,1,0,1,1,0,Subway,3.8,91.35,19.3,34.71,51.45,25.18,253,247,255,5.76,Lower,Lower-Competition Local Markets,41.72,Moderate Similarity,Longlist,Longlist,Longer-term screening candidate requiring stronger supporting evidence.,False
252,East Lindsey | East Lindsey 010D,E01026069,East Lindsey 010D,East Lindsey,53.193391500000004,0.33555599999999997,Urban,2270,2270.0,18307.0,60.876,1,5.61646979568318,0,0,0,4,0,1,1,0,1,1,0,Burger King,6.55,88.67,19.3,35.01,50.8,26.16,251,258,247,5.64,Lower,High-Deprivation Urban Core,3.55,Low Similarity,Longlist,Longlist,Longer-term screening candidate requiring stronger supporting evidence.,False
253,Somerset | South Somerset 006C,E01029198,South Somerset 006C,Somerset,51.01100649999999,-2.679901,Rural,1304,4260.0,6856.0,15.492,6,8.438881819074625,0,0,0,22,0,1,1,0,1,1,0,Burger King,4.61,90.56,19.3,34.8,51.26,25.47,252,252,254,5.39,Lower,Lower-Competition Local Markets,22.0,Low Similarity,Longlist,Longlist,Longer-term screening candidate requiring stronger supporting evidence.,False
254,Westmorland and Furness | Eden 007B,E01019317,Eden 007B,Westmorland and Furness,54.473367999999994,-2.3498545,Rural,1321,2569.0,2569.0,12.518,7,28.601865659273727,0,0,0,19,1,1,1,1,1,0,1,Costa Coffee,2.25,92.92,19.3,34.57,51.85,24.65,255,244,259,5.39,Lower,Lower-Competition Local Markets,64.35,Moderate Similarity,Longlist,Longlist,Longer-term screening candidate requiring stronger supporting evidence.,False
255,Maidstone | Maidstone 017A,E01024364,Maidstone 017A,Maidstone,51.171848,0.6259365,Rural,1881,4550.0,9871.0,31.702,3,5.303865236183144,0,0,0,5,1,1,1,1,1,0,1,Costa Coffee,5.78,88.35,19.3,34.61,50.44,25.67,254,261,252,4.26,Lower,Lower-Competition Local Markets,59.29,Moderate Similarity,Longlist,Longlist,Longer-term screening candidate requiring stronger supporting evidence.,False
256,Medway | Medway 001C,E01016072,Medway 001C,Medway,51.452412,0.6317615000000001,Rural,1301,2948.0,5212.0,30.797,3,9.07900857171548,0,0,0,8,0,1,1,0,1,1,0,Burger King,3.3,90.91,19.3,34.38,51.1,24.82,257,254,256,4.2,Lower,Lower-Competition Local Markets,14.03,Low Similarity,Longlist,Longlist,Longer-term screening candidate requiring stronger supporting evidence.,False
257,Tendring | Tendring 007E,E01022018,Tendring 007E,Tendring,51.856512,1.117009,Rural,1860,3593.0,10865.0,29.678,3,5.4525271253687295,0,0,0,5,1,1,1,1,1,1,0,McDonald's,5.54,88.51,19.3,34.56,50.46,25.57,256,260,253,4.01,Lower,Lower-Competition Local Markets,68.77,Moderate Similarity,Longlist,Longlist,Longer-term screening candidate requiring stronger supporting evidence.,False
258,King's Lynn and West Norfolk | King's Lynn and West Norfolk 014C,E01026644,King's Lynn and West Norfolk 014C,King's Lynn and West Norfolk,52.657009,0.54047,Rural,2603,2603.0,3946.0,9.967,8,9.991027191506552,0,0,0,5,1,1,1,1,1,1,0,Subway,2.64,91.3,19.3,34.24,51.14,24.54,258,253,260,3.76,Lower,Competitive Urban Hubs,14.48,Low Similarity,Longlist,Longlist,Longer-term screening candidate requiring stronger supporting evidence.,False
259,Cornwall | Cornwall 006A,E01018925,Cornwall 006A,Cornwall,50.589973,-4.507811,Rural,2244,2244.0,2244.0,26.97,3,10.512909282800832,0,0,0,4,0,1,1,0,1,1,0,Subway,1.85,91.46,19.3,33.97,51.02,24.13,261,255,261,3.01,Lower,Lower-Competition Local Markets,7.59,Low Similarity,Longlist,Longlist,Longer-term screening candidate requiring stronger supporting evidence.,False
260,Harborough | Harborough 005E,E01025784,Harborough 005E,Harborough,52.5315155,-0.938659,Rural,1421,1421.0,13058.0,6.549,9,6.151637601395734,0,0,0,2,0,1,1,0,1,1,0,McDonald's,3.93,89.15,19.3,34.11,50.38,24.82,259,262,256,2.95,Lower,Lower-Competition Local Markets,20.99,Low Similarity,Longlist,Longlist,Longer-term screening candidate requiring stronger supporting evidence.,False
261,Breckland | Breckland 004A,E01026446,Breckland 004A,Breckland,52.650465,0.777779,Rural,2146,3578.0,5784.0,18.393,5,6.084096838453623,0,0,0,6,1,1,2,1,1,0,1,Costa Coffee,3.94,89.1,19.3,34.1,50.36,24.81,260,263,258,2.5,Lower,Lower-Competition Local Markets,40.2,Moderate Similarity,Longlist,Longlist,Longer-term screening candidate requiring stronger supporting evidence.,False
262,Shropshire | Shropshire 011C,E01028919,Shropshire 011C,Shropshire,52.7949685,-2.9036225,Rural,1298,1298.0,5239.0,15.208,6,10.329023523842613,0,0,0,15,0,1,1,0,1,1,0,Subway,1.4,91.42,19.3,33.78,50.89,23.88,262,257,263,2.38,Lower,Lower-Competition Local Markets,20.99,Low Similarity,Longlist,Longlist,Longer-term screening candidate requiring stronger supporting evidence.,False
263,Northumberland | Northumberland 002C,E01027380,Northumberland 002C,Northumberland,55.685398500000005,-1.931934,Rural,1261,1261.0,1261.0,25.297,4,10.388969950665066,0,0,0,17,1,1,1,1,1,1,0,Burger King,0.21,91.43,19.3,33.3,50.59,23.23,264,259,266,1.51,Lower,Lower-Competition Local Markets,47.91,Moderate Similarity,Longlist,Longlist,Longer-term screening candidate requiring stronger supporting evidence.,False
264,Cherwell | Cherwell 016B,E01028497,Cherwell 016B,Cherwell,51.866123,-1.231848,Rural,1377,1377.0,8240.0,11.066,8,5.639582744063554,0,0,0,6,0,1,1,0,1,1,0,KFC,2.45,88.7,19.3,33.38,49.79,23.91,263,264,262,1.5,Lower,Lower-Competition Local Markets,26.8,Moderate Similarity,Longlist,Longlist,Longer-term screening candidate requiring stronger supporting evidence.,False
265,Westmorland and Furness | South Lakeland 002A,E01019387,South Lakeland 002A,Westmorland and Furness,54.377010999999996,-2.822954,Rural,2224,2224.0,4167.0,11.67,7,5.349179145064632,0,0,0,19,0,1,1,0,1,0,1,Pret A Manger,2.34,88.4,19.3,33.25,49.61,23.79,265,266,264,0.75,Lower,Lower-Competition Local Markets,8.34,Low Similarity,Longlist,Longlist,Longer-term screening candidate requiring stronger supporting evidence.,False
266,Westmorland and Furness | South Lakeland 007B,E01019381,South Lakeland 007B,Westmorland and Furness,54.244751,-2.874485,Rural,2161,2161.0,2161.0,16.146,6,5.967933605696796,0,0,0,19,0,1,1,0,1,1,0,Subway,1.74,88.99,19.3,33.18,49.76,23.58,266,265,265,0.63,Lower,Lower-Competition Local Markets,13.02,Low Similarity,Longlist,Longlist,Longer-term screening candidate requiring stronger supporting evidence.,False
